trip_id,person_id,number_of_participants,trip_mode,PlanElementIndex,ActivityElement,ActivityType,x,y,departure_time
,26478,,,1,activity,Home,-122.4120083,37.78440644,11.651
8684833,26478,1,WALK,2,leg,,,,
,26478,,,3,activity,eatout,-122.398143,37.78754015,11.948
8684837,26478,1,WALK,4,leg,,,,
,26478,,,5,activity,home,-122.4100677,37.78410356,12.189
8685009,26478,1,BIKE,6,leg,,,,
,26478,,,7,activity,othmaint,-122.4158383,37.77689193,13.547
8685013,26478,1,BIKE,8,leg,,,,
,26478,,,9,activity,home,-122.4120083,37.78440644,
,26686,,,1,activity,Home,-122.4097259,37.78273539,12.672
8753233,26686,1,BIKE,2,leg,,,,
,26686,,,3,activity,othmaint,-122.4151125,37.7817649,13.323
8753237,26686,1,WALK,4,leg,,,,
,26686,,,5,activity,home,-122.4112042,37.78424784,19.697
8753057,26686,1,WALK,6,leg,,,,
,26686,,,7,activity,eatout,-122.4083551,37.79008991,19.868
8753061,26686,1,WALK,8,leg,,,,
,26686,,,9,activity,home,-122.4097259,37.78273539,
,26844,,,1,activity,Home,-122.414087,37.78382886,8.522
8805121,26844,1,WALK,2,leg,,,,
,26844,,,3,activity,social,-122.4104355,37.7862248,12.024
8805125,26844,1,WALK,4,leg,,,,
,26844,,,5,activity,othmaint,-122.4115051,37.78609792,12.051
8805126,26844,1,WALK,6,leg,,,,
,26844,,,7,activity,home,-122.414087,37.78382886,
,27726,,,1,activity,Home,-122.4137433,37.77936896,8.401
9094329,27726,1,WALK,2,leg,,,,
,27726,,,3,activity,othdiscr,-122.4164436,37.78004395,10.488
9094333,27726,1,WALK,4,leg,,,,
,27726,,,5,activity,home,-122.4137433,37.77936896,
,29625,,,1,activity,Home,-122.3884801,37.78530218,15.754
9717265,29625,1,WALK,2,leg,,,,
,29625,,,3,activity,shopping,-122.3887726,37.78797645,15.84
9717269,29625,1,WALK,4,leg,,,,
,29625,,,5,activity,home,-122.3884801,37.78530218,
,107628,,,1,activity,Home,-122.4131994,37.78884901,12.325
35302033,107628,1,WALK,2,leg,,,,
,107628,,,3,activity,eatout,-122.4094288,37.78846567,12.484
35302037,107628,1,WALK,4,leg,,,,
,107628,,,5,activity,home,-122.4131994,37.78884901,
,112064,,,1,activity,Home,-122.3914845,37.79024501,12.466
36757193,112064,1,WALK,2,leg,,,,
,112064,,,3,activity,othdiscr,-122.4019223,37.77942496,14.536
36757197,112064,1,TAXI,4,leg,,,,
,112064,,,5,activity,home,-122.3915235,37.79070819,16.768
36757257,112064,1,WALK,6,leg,,,,
,112064,,,7,activity,shopping,-122.4065983,37.79127336,17.046
36757261,112064,1,WALK,8,leg,,,,
,112064,,,9,activity,home,-122.3914845,37.79024501,
,264107,,,1,activity,Home,-122.4173359,37.78120336,7.946
86627409,264107,1,WALK_LRF,2,leg,,,,
,264107,,,3,activity,work,-122.401462,37.79483763,19.653
86627413,264107,1,WALK_LRF,4,leg,,,,
,264107,,,5,activity,home,-122.4173359,37.78120336,
,264108,,,1,activity,Home,-122.4173764,37.77857644,10.523
86627625,264108,1,WALK,2,leg,,,,
,264108,,,3,activity,othdiscr,-122.406629,37.77195133,11.077
86627629,264108,1,WALK,4,leg,,,,
,264108,,,5,activity,home,-122.4173764,37.77857644,
,264248,,,1,activity,Home,-122.4141284,37.77742385,7.613
86673657,264248,1,WALK,2,leg,,,,
,264248,,,3,activity,othmaint,-122.4107881,37.78544745,8.158
86673658,264248,1,WALK,4,leg,,,,
,264248,,,5,activity,eatout,-122.4111879,37.78713445,8.517
86673659,264248,1,WALK,6,leg,,,,
,264248,,,7,activity,escort,-122.4142835,37.78643411,8.655
86673660,264248,1,WALK,8,leg,,,,
,264248,,,9,activity,work,-122.3945157,37.79677776,19.449
86673661,264248,1,WALK_LRF,10,leg,,,,
,264248,,,11,activity,home,-122.4141284,37.77742385,
,323689,,,1,activity,Home,-122.4154325,37.77449762,11.125
106170305,323689,1,WALK_LRF,2,leg,,,,
,323689,,,3,activity,work,-122.3993258,37.79151347,18.424
106170309,323689,1,WALK_LRF,4,leg,,,,
,323689,,,5,activity,home,-122.4154325,37.77449762,
,324051,,,1,activity,Home,-122.3909843,37.78790821,6.119
106289041,324051,1,WALK,2,leg,,,,
,324051,,,3,activity,work,-122.3998681,37.79039723,18.515
106289045,324051,1,WALK,4,leg,,,,
,324051,,,5,activity,home,-122.3909843,37.78790821,
,324052,,,1,activity,Home,-122.392094,37.79072969,7.502
106289369,324052,1,WALK,2,leg,,,,
,324052,,,3,activity,work,-122.4031521,37.79263872,10.098
106289089,324052,1,WALK,4,leg,,,,
,324052,,,5,activity,eatout,-122.4122952,37.78713663,10.291
106289090,324052,1,WALK,6,leg,,,,
,324052,,,7,activity,escort,-122.4098052,37.78782647,10.381
106289091,324052,1,WALK,8,leg,,,,
,324052,,,9,activity,othmaint,-122.4125876,37.78637555,10.446
106289092,324052,1,WALK,10,leg,,,,
,324052,,,11,activity,atwork,-122.4050125,37.79512871,10.763
106289093,324052,1,WALK,12,leg,,,,
,324052,,,13,activity,work,-122.4038512,37.79306139,17.92
106289373,324052,1,WALK,14,leg,,,,
,324052,,,15,activity,home,-122.392094,37.79072969,
,324909,,,1,activity,Home,-122.3952719,37.78890049,6.89
106570465,324909,1,WALK_LOC,2,leg,,,,
,324909,,,3,activity,work,-122.4033134,37.78964168,15.001
106570469,324909,1,WALK,4,leg,,,,
,324909,,,5,activity,home,-122.3984066,37.78489887,16.519
106570377,324909,1,WALK_LOC,6,leg,,,,
,324909,,,7,activity,othmaint,-122.4100003,37.78768908,16.952
106570381,324909,1,WALK_LOC,8,leg,,,,
,324909,,,9,activity,shopping,-122.4082608,37.78388834,18.389
106570382,324909,1,WALK_LOC,10,leg,,,,
,324909,,,11,activity,othmaint,-122.4145306,37.78626558,19.171
106570383,324909,1,WALK_LOC,12,leg,,,,
,324909,,,13,activity,home,-122.3952719,37.78890049,
,325431,,,1,activity,Home,-122.3947024,37.78676393,7.061
106741681,325431,1,WALK,2,leg,,,,
,325431,,,3,activity,shopping,-122.406757,37.79641284,8.607
106741682,325431,1,WALK,4,leg,,,,
,325431,,,5,activity,work,-122.4012046,37.78786823,17.143
106741685,325431,1,WALK,6,leg,,,,
,325431,,,7,activity,eatout,-122.4147251,37.78693726,17.164
106741686,325431,1,WALK_LOC,8,leg,,,,
,325431,,,9,activity,shopping,-122.4079821,37.7960615,17.761
106741687,325431,1,WALK_LOC,10,leg,,,,
,325431,,,11,activity,escort,-122.411554,37.78606523,17.812
106741688,325431,1,WALK,12,leg,,,,
,325431,,,13,activity,home,-122.3947024,37.78676393,
,325432,,,1,activity,Home,-122.3961246,37.78352157,12.22
106741961,325432,1,WALK_LOC,2,leg,,,,
,325432,,,3,activity,shopping,-122.3942883,37.79045053,13.251
106741965,325432,1,WALK_LOC,4,leg,,,,
,325432,,,5,activity,home,-122.3961246,37.78352157,
,325623,,,1,activity,Home,-122.3936607,37.78574003,8.476
106804657,325623,1,WALK,2,leg,,,,
,325623,,,3,activity,work,-122.3944834,37.78166224,10.555
106804661,325623,1,WALK,4,leg,,,,
,325623,,,5,activity,escort,-122.4134118,37.78035828,10.873
106804662,325623,1,WALK,6,leg,,,,
,325623,,,7,activity,work,-122.4126998,37.78555415,10.954
106804663,325623,1,WALK,8,leg,,,,
,325623,,,9,activity,home,-122.3935135,37.78916858,16.999
106804593,325623,1,TNC_SHARED,10,leg,,,,
,325623,,,11,activity,univ,-122.3966977,37.78812957,17.96
106804597,325623,1,TNC_SHARED,12,leg,,,,
,325623,,,13,activity,escort,-122.4113364,37.78540029,18.634
106804598,325623,1,WALK_LOC,14,leg,,,,
,325623,,,15,activity,home,-122.3936607,37.78574003,
,325624,,,1,activity,Home,-122.3995792,37.7845766,6.344
106804985,325624,1,WALK,2,leg,,,,
,325624,,,3,activity,work,-122.3935723,37.79101501,17.486
106804989,325624,1,WALK,4,leg,,,,
,325624,,,5,activity,home,-122.3995792,37.7845766,
,386007,,,1,activity,Home,-122.4175807,37.78049228,7.612
126610345,386007,1,WALK,2,leg,,,,
,386007,,,3,activity,eatout,-122.4125297,37.78115321,12.389
126610349,386007,1,WALK,4,leg,,,,
,386007,,,5,activity,home,-122.4181564,37.78224069,13.448
126610561,386007,1,WALK_LRF,6,leg,,,,
,386007,,,7,activity,shopping,-122.3928633,37.78891828,14.38
126610565,386007,1,WALK_LOC,8,leg,,,,
,386007,,,9,activity,shopping,-122.4135144,37.78448621,14.422
126610566,386007,1,WALK,10,leg,,,,
,386007,,,11,activity,home,-122.4175807,37.78049228,
,386008,,,1,activity,Home,-122.4189353,37.78143897,8.082
126610873,386008,1,WALK,2,leg,,,,
,386008,,,3,activity,school,-122.4153785,37.78202752,13.709
126610877,386008,1,WALK,4,leg,,,,
,386008,,,5,activity,home,-122.4205716,37.78321717,17.831
126610673,386008,1,WALK_LRF,6,leg,,,,
,386008,,,7,activity,eatout,-122.3907473,37.79190593,21.678
126610677,386008,1,WALK_LRF,8,leg,,,,
,386008,,,9,activity,home,-122.4189353,37.78143897,
,386061,,,1,activity,Home,-122.4186661,37.77649007,8.618
126628233,386061,1,WALK,2,leg,,,,
,386061,,,3,activity,othmaint,-122.4010583,37.79515918,16.917
126628237,386061,1,WALK,4,leg,,,,
,386061,,,5,activity,home,-122.4186661,37.77649007,
,386062,,,1,activity,Home,-122.4201566,37.78226077,7.305
126628585,386062,1,WALK_LRF,2,leg,,,,
,386062,,,3,activity,school,-122.3972529,37.78830073,15.206
126628589,386062,1,WALK_LRF,4,leg,,,,
,386062,,,5,activity,home,-122.4201566,37.78226077,
,418441,,,1,activity,Home,-122.4122078,37.77672517,7.147
137248721,418441,1,WALK,2,leg,,,,
,418441,,,3,activity,escort,-122.4121308,37.78544625,7.383
137248725,418441,1,WALK,4,leg,,,,
,418441,,,5,activity,home,-122.4135679,37.77789526,7.901
137248961,418441,1,WALK_LRF,6,leg,,,,
,418441,,,7,activity,work,-122.3979128,37.79135449,17.106
137248965,418441,1,WALK_LRF,8,leg,,,,
,418441,,,9,activity,home,-122.4110327,37.77877205,18.971
137248873,418441,1,WALK,10,leg,,,,
,418441,,,11,activity,othmaint,-122.4091923,37.78233057,20.716
137248877,418441,1,WALK,12,leg,,,,
,418441,,,13,activity,home,-122.4122078,37.77672517,
,418442,,,1,activity,Home,-122.4121834,37.77822627,8.018
137249225,418442,1,WALK,2,leg,,,,
,418442,,,3,activity,school,-122.4182493,37.77589003,8.02
137249229,418442,1,WALK,4,leg,,,,
,418442,,,5,activity,home,-122.4121834,37.77822627,
,595686,,,1,activity,Home,-122.4056681,37.77904012,7.479
195385257,595686,1,WALK_LOC,2,leg,,,,
,595686,,,3,activity,school,-122.4112118,37.7850657,16.342
195385261,595686,1,WALK,4,leg,,,,
,595686,,,5,activity,home,-122.4056681,37.77904012,
,644290,,,1,activity,Home,-122.4103461,37.78534022,12.056
211327433,644290,1,WALK_LOC,2,leg,,,,
,644290,,,3,activity,work,-122.4007624,37.78877596,22.346
211327437,644290,1,WALK_LOC,4,leg,,,,
,644290,,,5,activity,home,-122.4103461,37.78534022,
,644291,,,1,activity,Home,-122.4111592,37.78760609,7.689
211327761,644291,1,WALK,2,leg,,,,
,644291,,,3,activity,work,-122.4000557,37.79222395,17.963
211327765,644291,1,WALK,4,leg,,,,
,644291,,,5,activity,home,-122.4107881,37.78544745,19.112
211327673,644291,1,WALK_LOC,6,leg,,,,
,644291,,,7,activity,othmaint,-122.4015204,37.79210321,23.366
211327677,644291,1,TNC_SINGLE,8,leg,,,,
,644291,,,9,activity,home,-122.4111592,37.78760609,
,644292,,,1,activity,Home,-122.4142833,37.7866503,13.817
211328025,644292,1,WALK_LOC,2,leg,,,,
,644292,,,3,activity,school,-122.4176605,37.77892468,19.508
211328029,644292,1,WALK_LRF,4,leg,,,,
,644292,,,5,activity,othdiscr,-122.4095536,37.7872605,19.931
211328030,644292,1,WALK,6,leg,,,,
,644292,,,7,activity,home,-122.4142833,37.7866503,
,644476,,,1,activity,Home,-122.3889144,37.79068626,5.008
211388201,644476,1,WALK_LOC,2,leg,,,,
,644476,,,3,activity,escort,-122.4093292,37.78224356,6.277
211388205,644476,1,WALK_LOC,4,leg,,,,
,644476,,,5,activity,home,-122.3915653,37.7912349,7.214
211388441,644476,1,SHARED2FREE,6,leg,,,,
,644476,,,7,activity,work,-122.4021453,37.79055237,17.111
211388445,644476,1,SHARED3FREE,8,leg,,,,
,644476,,,9,activity,home,-122.3948201,37.78775588,18.246
211388329,644476,1,WALK,10,leg,,,,
,644476,,,11,activity,othdiscr,-122.3948392,37.78904956,18.312
211388333,644476,1,WALK,12,leg,,,,
,644476,,,13,activity,home,-122.3896758,37.79074516,18.446
211388353,644476,1,WALK,14,leg,,,,
,644476,,,15,activity,othmaint,-122.3987079,37.7882303,19.034
211388357,644476,1,WALK,16,leg,,,,
,644476,,,17,activity,home,-122.3889144,37.79068626,
,644477,,,1,activity,Home,-122.3946861,37.78704046,14.867
211388721,644477,1,WALK,2,leg,,,,
,644477,,,3,activity,shopping,-122.3912136,37.78819066,14.965
211388725,644477,1,WALK,4,leg,,,,
,644477,,,5,activity,home,-122.3946861,37.78704046,
,644478,,,1,activity,Home,-122.3972702,37.787536,11.073
211389033,644478,1,WALK_LOC,2,leg,,,,
,644478,,,3,activity,school,-122.4072546,37.7786463,19.641
211389037,644478,1,WALK_LRF,4,leg,,,,
,644478,,,5,activity,home,-122.3972702,37.787536,
,1263746,,,1,activity,Home,-122.4128069,37.7849134,7.718
414508737,1263746,1,WALK,2,leg,,,,
,1263746,,,3,activity,eatout,-122.3957222,37.79544456,14.925
414508741,1263746,1,WALK,4,leg,,,,
,1263746,,,5,activity,home,-122.4128069,37.7849134,
,1265898,,,1,activity,Home,-122.3897442,37.78507625,9.239
415214745,1265898,1,WALK_LRF,2,leg,,,,
,1265898,,,3,activity,othdiscr,-122.4121278,37.77113747,20.134
415214749,1265898,1,WALK_LRF,4,leg,,,,
,1265898,,,5,activity,home,-122.3897442,37.78507625,
,1266941,,,1,activity,Home,-122.4046172,37.78127867,13.328
415556913,1266941,1,WALK,2,leg,,,,
,1266941,,,3,activity,shopping,-122.406663,37.78524618,14.299
415556917,1266941,1,WALK,4,leg,,,,
,1266941,,,5,activity,home,-122.4046172,37.78127867,
,1356077,,,1,activity,Home,-122.4062008,37.77832404,10.693
444793569,1356077,1,WALK,2,leg,,,,
,1356077,,,3,activity,work,-122.4003655,37.79354739,18.943
444793573,1356077,1,WALK,4,leg,,,,
,1356077,,,5,activity,eatout,-122.4122238,37.78450497,19.178
444793574,1356077,1,WALK,6,leg,,,,
,1356077,,,7,activity,home,-122.4062008,37.77832404,
,1356259,,,1,activity,Home,-122.3987754,37.78245082,9.921
444853217,1356259,1,WALK,2,leg,,,,
,1356259,,,3,activity,shopping,-122.3905047,37.78639477,12.632
444853221,1356259,1,WALK,4,leg,,,,
,1356259,,,5,activity,home,-122.4021164,37.78117776,18.131
444853265,1356259,1,WALK,6,leg,,,,
,1356259,,,7,activity,work,-122.4005122,37.78735627,21.17
444853269,1356259,1,WALK,8,leg,,,,
,1356259,,,9,activity,home,-122.3987754,37.78245082,
,1356489,,,1,activity,Home,-122.4010262,37.78415843,10.621
444928617,1356489,1,WALK,2,leg,,,,
,1356489,,,3,activity,othmaint,-122.4077935,37.77186391,12.576
444928621,1356489,1,WALK,4,leg,,,,
,1356489,,,5,activity,home,-122.4010262,37.78415843,
,1424997,,,1,activity,Home,-122.4205716,37.78321717,11.084
467399281,1424997,1,WALK_LRF,2,leg,,,,
,1424997,,,3,activity,shopping,-122.3945357,37.78738832,11.144
467399285,1424997,1,WALK_LRF,4,leg,,,,
,1424997,,,5,activity,home,-122.4205716,37.78321717,
,1427193,,,1,activity,Home,-122.4059195,37.79621707,13.583
468119569,1427193,1,WALK,2,leg,,,,
,1427193,,,3,activity,shopping,-122.3946452,37.79013185,19.815
468119573,1427193,1,WALK,4,leg,,,,
,1427193,,,5,activity,home,-122.4059195,37.79621707,
,1427194,,,1,activity,Home,-122.408079,37.79635351,7.854
468119857,1427194,1,WALK,2,leg,,,,
,1427194,,,3,activity,othmaint,-122.3949555,37.78945914,13.945
468119861,1427194,1,WALK,4,leg,,,,
,1427194,,,5,activity,home,-122.4052515,37.79508754,16.717
468119921,1427194,1,WALK,6,leg,,,,
,1427194,,,7,activity,eatout,-122.4115733,37.78863168,19.318
468119922,1427194,1,WALK,8,leg,,,,
,1427194,,,9,activity,social,-122.4029791,37.79207234,22.061
468119925,1427194,1,WALK,10,leg,,,,
,1427194,,,11,activity,social,-122.4117402,37.7888881,22.263
468119926,1427194,1,WALK,12,leg,,,,
,1427194,,,13,activity,shopping,-122.4131177,37.78168745,22.404
468119927,1427194,1,WALK,14,leg,,,,
,1427194,,,15,activity,social,-122.4128536,37.78590195,22.715
468119928,1427194,1,WALK,16,leg,,,,
,1427194,,,17,activity,home,-122.408079,37.79635351,
,1476139,,,1,activity,Home,-122.4128865,37.78633384,7.363
484173905,1476139,1,WALK_LOC,2,leg,,,,
,1476139,,,3,activity,work,-122.3990334,37.79861449,17.839
484173909,1476139,1,WALK,4,leg,,,,
,1476139,,,5,activity,home,-122.411574,37.78519147,20.473
484173817,1476139,1,BIKE,6,leg,,,,
,1476139,,,7,activity,othmaint,-122.4026031,37.79483227,20.905
484173821,1476139,1,BIKE,8,leg,,,,
,1476139,,,9,activity,home,-122.4128865,37.78633384,
,1476140,,,1,activity,Home,-122.414073,37.78737023,12.258
484174185,1476140,1,WALK,2,leg,,,,
,1476140,,,3,activity,shopping,-122.404105,37.79049843,14.247
484174189,1476140,1,WALK,4,leg,,,,
,1476140,,,5,activity,home,-122.414073,37.78737023,
,1572659,,,1,activity,Home,-122.4135667,37.78867215,7.068
515832417,1572659,1,WALK,2,leg,,,,
,1572659,,,3,activity,othmaint,-122.4079901,37.79555301,12.547
515832418,1572659,1,WALK,4,leg,,,,
,1572659,,,5,activity,escort,-122.4062528,37.79499056,17.746
515832419,1572659,1,WALK,6,leg,,,,
,1572659,,,7,activity,shopping,-122.40028,37.79453779,18.422
515832421,1572659,1,WALK,8,leg,,,,
,1572659,,,9,activity,shopping,-122.4077066,37.79476221,20.62
515832422,1572659,1,WALK,10,leg,,,,
,1572659,,,11,activity,escort,-122.4122785,37.78521668,20.827
515832423,1572659,1,WALK,12,leg,,,,
,1572659,,,13,activity,home,-122.4135667,37.78867215,
,1572930,,,1,activity,Home,-122.4153785,37.78202752,8.372
515921265,1572930,1,WALK,2,leg,,,,
,1572930,,,3,activity,othmaint,-122.4122952,37.78713663,8.606
515921266,1572930,1,WALK,4,leg,,,,
,1572930,,,5,activity,othmaint,-122.4196772,37.78271242,11.065
515921269,1572930,1,WALK,6,leg,,,,
,1572930,,,7,activity,home,-122.4189556,37.7773685,11.576
515921305,1572930,1,WALK,8,leg,,,,
,1572930,,,9,activity,shopping,-122.4125529,37.78541804,16.425
515921309,1572930,1,WALK,10,leg,,,,
,1572930,,,11,activity,home,-122.4153785,37.78202752,
,1631617,,,1,activity,Home,-122.4165868,37.77932566,10.925
535170689,1631617,1,WALK_LOC,2,leg,,,,
,1631617,,,3,activity,work,-122.4014165,37.78966424,13.813
535170409,1631617,1,WALK,4,leg,,,,
,1631617,,,5,activity,atwork,-122.4026628,37.79260773,13.858
535170413,1631617,1,WALK,6,leg,,,,
,1631617,,,7,activity,work,-122.4029907,37.78982312,18.338
535170693,1631617,1,WALK,8,leg,,,,
,1631617,,,9,activity,othmaint,-122.4100644,37.78589964,20.623
535170694,1631617,1,WALK,10,leg,,,,
,1631617,,,11,activity,home,-122.4165868,37.77932566,
,1632248,,,1,activity,Home,-122.4087238,37.78284512,7.213
535377657,1632248,1,WALK,2,leg,,,,
,1632248,,,3,activity,work,-122.4170306,37.77867193,18.771
535377661,1632248,1,WALK,4,leg,,,,
,1632248,,,5,activity,home,-122.4087238,37.78284512,
,1632281,,,1,activity,Home,-122.4009978,37.78674455,7.993
535388481,1632281,1,WALK,2,leg,,,,
,1632281,,,3,activity,work,-122.3995659,37.78915039,13.268
535388201,1632281,1,WALK,4,leg,,,,
,1632281,,,5,activity,work,-122.4191473,37.77933653,13.573
535388202,1632281,1,WALK,6,leg,,,,
,1632281,,,7,activity,atwork,-122.4121476,37.78150513,14.325
535388205,1632281,1,WALK,8,leg,,,,
,1632281,,,9,activity,work,-122.4005594,37.7889012,19.349
535388485,1632281,1,WALK,10,leg,,,,
,1632281,,,11,activity,home,-122.4009978,37.78674455,
,1632987,,,1,activity,Home,-122.3984454,37.78017907,15.34
535620049,1632987,1,WALK_LOC,2,leg,,,,
,1632987,,,3,activity,work,-122.4021169,37.78897078,21.65
535620053,1632987,1,WALK,4,leg,,,,
,1632987,,,5,activity,home,-122.3984454,37.78017907,
,1633149,,,1,activity,Home,-122.4041732,37.78164968,8.151
535672921,1633149,1,WALK,2,leg,,,,
,1633149,,,3,activity,eatout,-122.3990197,37.79055191,14.383
535672925,1633149,1,WALK,4,leg,,,,
,1633149,,,5,activity,home,-122.4041732,37.78164968,
,1633214,,,1,activity,Home,-122.3939428,37.79858376,12.988
535694457,1633214,1,WALK_LOC,2,leg,,,,
,1633214,,,3,activity,shopping,-122.4076007,37.7710845,14.303
535694461,1633214,1,TNC_SHARED,4,leg,,,,
,1633214,,,5,activity,home,-122.398307,37.79807678,14.584
535694465,1633214,1,WALK_LOC,6,leg,,,,
,1633214,,,7,activity,othmaint,-122.4125529,37.78541804,14.847
535694466,1633214,1,WALK_LOC,8,leg,,,,
,1633214,,,9,activity,shopping,-122.4012467,37.77846841,15.246
535694469,1633214,1,WALK_LRF,10,leg,,,,
,1633214,,,11,activity,home,-122.3974337,37.79579006,16.189
535694417,1633214,1,WALK_HVY,12,leg,,,,
,1633214,,,13,activity,othmaint,-122.4005177,37.78173126,19.643
535694421,1633214,1,WALK_LRF,14,leg,,,,
,1633214,,,15,activity,home,-122.3939428,37.79858376,
,1774265,,,1,activity,Home,-122.4133593,37.78564498,17.174
581959169,1774265,1,WALK,2,leg,,,,
,1774265,,,3,activity,escort,-122.4115371,37.78711451,17.194
581959170,1774265,1,WALK,4,leg,,,,
,1774265,,,5,activity,eatout,-122.411892,37.78587717,17.3
581959171,1774265,1,WALK,6,leg,,,,
,1774265,,,7,activity,escort,-122.4131527,37.78300191,17.507
581959172,1774265,1,DRIVEALONEFREE,8,leg,,,,
,1774265,,,9,activity,univ,-122.3975382,37.78959749,17.535
581959173,1774265,1,DRIVEALONEFREE,10,leg,,,,
,1774265,,,11,activity,othdiscr,-122.4128885,37.78729823,17.56
581959174,1774265,1,WALK,12,leg,,,,
,1774265,,,13,activity,home,-122.4133593,37.78564498,
,1774266,,,1,activity,Home,-122.41051,37.78763387,10.306
581959561,1774266,1,WALK_LOC,2,leg,,,,
,1774266,,,3,activity,work,-122.396692,37.79271989,20.602
581959565,1774266,1,WALK_LOC,4,leg,,,,
,1774266,,,5,activity,home,-122.41051,37.78763387,
,1875721,,,1,activity,Home,-122.393582,37.78992808,8.216
615236801,1875721,1,WALK_LOC,2,leg,,,,
,1875721,,,3,activity,work,-122.4130925,37.77898169,18.427
615236805,1875721,1,WALK_LOC,4,leg,,,,
,1875721,,,5,activity,home,-122.393582,37.78992808,
,1875722,,,1,activity,Home,-122.3963136,37.78631689,10.458
615236865,1875722,1,WALK,2,leg,,,,
,1875722,,,3,activity,escort,-122.4143983,37.7864261,13.281
615236866,1875722,1,WALK,4,leg,,,,
,1875722,,,5,activity,eatout,-122.3970381,37.7903548,17.716
615236869,1875722,1,WALK,6,leg,,,,
,1875722,,,7,activity,home,-122.3963136,37.78631689,
,1876067,,,1,activity,Home,-122.3853669,37.7896165,8.454
615350289,1876067,1,WALK,2,leg,,,,
,1876067,,,3,activity,work,-122.4033328,37.79248686,18.607
615350293,1876067,1,WALK,4,leg,,,,
,1876067,,,5,activity,home,-122.3853669,37.7896165,
,1876068,,,1,activity,Home,-122.3887364,37.78692601,7.717
615350617,1876068,1,WALK,2,leg,,,,
,1876068,,,3,activity,work,-122.3945475,37.79536531,14.471
615350621,1876068,1,WALK,4,leg,,,,
,1876068,,,5,activity,home,-122.3937864,37.78228705,16.148
615350553,1876068,1,WALK_LOC,6,leg,,,,
,1876068,,,7,activity,univ,-122.4008247,37.78921207,20.857
615350557,1876068,1,WALK_LRF,8,leg,,,,
,1876068,,,9,activity,escort,-122.4135771,37.78235842,21.383
615350558,1876068,1,WALK_LRF,10,leg,,,,
,1876068,,,11,activity,home,-122.3887364,37.78692601,
,1958677,,,1,activity,Home,-122.4204337,37.7818485,10.743
642446345,1958677,1,WALK_LRF,2,leg,,,,
,1958677,,,3,activity,social,-122.3961657,37.79052509,11.307
642446349,1958677,1,WALK_LRF,4,leg,,,,
,1958677,,,5,activity,home,-122.4204337,37.7818485,
,1958678,,,1,activity,Home,-122.4183148,37.78008642,7.409
642446633,1958678,1,WALK_LOC,2,leg,,,,
,1958678,,,3,activity,school,-122.4064649,37.79600921,14.604
642446637,1958678,1,WALK_LOC,4,leg,,,,
,1958678,,,5,activity,home,-122.4183148,37.78008642,
,2159057,,,1,activity,Home,-122.4101795,37.77503497,7.759
708171009,2159057,1,WALK,2,leg,,,,
,2159057,,,3,activity,work,-122.4000399,37.79253124,18.104
708171013,2159057,1,WALK,4,leg,,,,
,2159057,,,5,activity,shopping,-122.4115881,37.78389034,18.902
708171014,2159057,1,WALK_LOC,6,leg,,,,
,2159057,,,7,activity,home,-122.4101795,37.77503497,
,2159058,,,1,activity,Home,-122.4074879,37.7785502,15.012
708171273,2159058,1,WALK_LOC,2,leg,,,,
,2159058,,,3,activity,univ,-122.4180772,37.77803451,18.973
708171277,2159058,1,WALK_LOC,4,leg,,,,
,2159058,,,5,activity,home,-122.4074879,37.7785502,
,2159059,,,1,activity,Home,-122.4094981,37.77467614,8.216
708171601,2159059,1,WALK,2,leg,,,,
,2159059,,,3,activity,school,-122.4073149,37.7783104,13.921
708171605,2159059,1,WALK,4,leg,,,,
,2159059,,,5,activity,home,-122.4094981,37.77467614,
,2219996,,,1,activity,Home,-122.3936343,37.78960722,7.384
728159001,2219996,1,WALK,2,leg,,,,
,2219996,,,3,activity,work,-122.3967486,37.79362884,18.472
728159005,2219996,1,WALK,4,leg,,,,
,2219996,,,5,activity,home,-122.3936343,37.78960722,
,2219997,,,1,activity,Home,-122.3976246,37.78567849,7.387
728159329,2219997,1,SHARED2FREE,2,leg,,,,
,2219997,,,3,activity,work,-122.4008727,37.79268403,13.029
728159049,2219997,1,WALK,4,leg,,,,
,2219997,,,5,activity,atwork,-122.4111462,37.77991261,13.494
728159053,2219997,1,WALK,6,leg,,,,
,2219997,,,7,activity,work,-122.4014716,37.79126351,18.389
728159333,2219997,1,WALK,8,leg,,,,
,2219997,,,9,activity,home,-122.3976246,37.78567849,
,2219998,,,1,activity,Home,-122.3907142,37.79013571,7.797
728159593,2219998,1,WALK_LOC,2,leg,,,,
,2219998,,,3,activity,school,-122.4097181,37.78503623,13.645
728159597,2219998,1,WALK_LOC,4,leg,,,,
,2219998,,,5,activity,home,-122.3889527,37.79087867,15.312
728159569,2219998,1,WALK_LRF,6,leg,,,,
,2219998,,,7,activity,othmaint,-122.4154665,37.78213407,17.767
728159573,2219998,1,WALK_LRF,8,leg,,,,
,2219998,,,9,activity,home,-122.3907142,37.79013571,
,2458500,,,1,activity,Home,-122.4132115,37.78139997,12.636
806388225,2458500,1,WALK,2,leg,,,,
,2458500,,,3,activity,othmaint,-122.412714,37.78776289,20.22
806388229,2458500,1,WALK,4,leg,,,,
,2458500,,,5,activity,home,-122.4132115,37.78139997,
,2458501,,,1,activity,Home,-122.4130425,37.78255749,15.927
806388401,2458501,1,WALK_LOC,2,leg,,,,
,2458501,,,3,activity,escort,-122.3966974,37.78587486,16.146
806388405,2458501,1,WALK_LOC,4,leg,,,,
,2458501,,,5,activity,home,-122.4130425,37.78255749,
,2458502,,,1,activity,Home,-122.4104175,37.78247582,8.047
806388153,2458502,2,SHARED2FREE,2,leg,,,,
,2458502,,,3,activity,shopping,-122.4068501,37.78882514,8.122
806388157,2458502,2,SHARED2FREE,4,leg,,,,
,2458502,,,5,activity,home,-122.4099796,37.78263,8.203
806388905,2458502,1,WALK,6,leg,,,,
,2458502,,,7,activity,social,-122.4137613,37.78638686,8.719
806388906,2458502,1,WALK,8,leg,,,,
,2458502,,,9,activity,school,-122.413688,37.78267014,18.252
806388909,2458502,1,WALK,10,leg,,,,
,2458502,,,11,activity,home,-122.4104175,37.78247582,
,2458503,,,1,activity,Home,-122.4132227,37.78389603,8.98
806389233,2458503,1,WALK,2,leg,,,,
,2458503,,,3,activity,school,-122.4120241,37.78107238,14.443
806389237,2458503,1,WALK,4,leg,,,,
,2458503,,,5,activity,home,-122.4132227,37.78389603,
,2566698,,,1,activity,Home,-122.4059358,37.794609,6.671
841877257,2566698,1,WALK,2,leg,,,,
,2566698,,,3,activity,work,-122.3987319,37.79426706,17.43
841877261,2566698,1,WALK_LOC,4,leg,,,,
,2566698,,,5,activity,home,-122.4059358,37.794609,
,2566700,,,1,activity,Home,-122.4076882,37.79421972,7.943
841877849,2566700,1,WALK,2,leg,,,,
,2566700,,,3,activity,school,-122.4066113,37.79659342,15.662
841877853,2566700,1,WALK,4,leg,,,,
,2566700,,,5,activity,home,-122.4076882,37.79421972,
,2566701,,,1,activity,Home,-122.4049295,37.79486098,8.936
841878177,2566701,1,WALK,2,leg,,,,
,2566701,,,3,activity,school,-122.4058331,37.79229463,13.127
841878181,2566701,1,WALK,4,leg,,,,
,2566701,,,5,activity,home,-122.4049295,37.79486098,
,2566702,,,1,activity,Home,-122.4064458,37.79530935,12.973
841878505,2566702,1,WALK_LOC,2,leg,,,,
,2566702,,,3,activity,school,-122.4088737,37.7900573,20.708
841878509,2566702,1,WALK_LOC,4,leg,,,,
,2566702,,,5,activity,shopping,-122.4057244,37.79669607,20.951
841878510,2566702,1,WALK,6,leg,,,,
,2566702,,,7,activity,home,-122.4064458,37.79530935,
,2877284,,,1,activity,Home,-122.4140094,37.77567373,7.529
943749465,2877284,1,WALK_LRF,2,leg,,,,
,2877284,,,3,activity,work,-122.3963104,37.78845303,11.284
943749469,2877284,1,WALK_HVY,4,leg,,,,
,2877284,,,5,activity,eatout,-122.4176749,37.78121341,11.669
943749470,2877284,1,WALK,6,leg,,,,
,2877284,,,7,activity,work,-122.4132379,37.78420932,11.705
943749471,2877284,1,WALK,8,leg,,,,
,2877284,,,9,activity,home,-122.4167583,37.77557578,15.068
943749401,2877284,1,WALK,10,leg,,,,
,2877284,,,11,activity,univ,-122.413199,37.77688566,17.088
943749405,2877284,1,WALK,12,leg,,,,
,2877284,,,13,activity,home,-122.4140094,37.77567373,
,2877287,,,1,activity,Home,-122.4119719,37.77772039,10.102
943750385,2877287,1,WALK,2,leg,,,,
,2877287,,,3,activity,school,-122.4140927,37.77655491,15.674
943750389,2877287,1,WALK,4,leg,,,,
,2877287,,,5,activity,home,-122.4119719,37.77772039,
,2936550,,,1,activity,Home,-122.4109798,37.78261723,12.112
963188665,2936550,1,WALK,2,leg,,,,
,2936550,,,3,activity,shopping,-122.4078887,37.7838496,13.668
963188669,2936550,1,WALK,4,leg,,,,
,2936550,,,5,activity,home,-122.4116869,37.7812104,14.349
963188601,2936550,1,WALK,6,leg,,,,
,2936550,,,7,activity,othdiscr,-122.4117193,37.78857538,17.879
963188605,2936550,1,WALK,8,leg,,,,
,2936550,,,9,activity,home,-122.4109798,37.78261723,
,2936845,,,1,activity,Home,-122.4079946,37.78400024,13.294
963285425,2936845,1,WALK_LOC,2,leg,,,,
,2936845,,,3,activity,othmaint,-122.4100072,37.78790021,13.345
963285426,2936845,1,WALK,4,leg,,,,
,2936845,,,5,activity,othmaint,-122.4119263,37.78587193,14.639
963285427,2936845,1,WALK_LOC,6,leg,,,,
,2936845,,,7,activity,shopping,-122.3936607,37.78574003,15.099
963285429,2936845,1,WALK_LOC,8,leg,,,,
,2936845,,,9,activity,home,-122.4078478,37.77931865,16.299
963285433,2936845,1,WALK_LOC,10,leg,,,,
,2936845,,,11,activity,shopping,-122.3917847,37.79062979,17.308
963285437,2936845,1,WALK_LOC,12,leg,,,,
,2936845,,,13,activity,social,-122.4169662,37.7765469,17.553
963285438,2936845,1,WALK_LOC,14,leg,,,,
,2936845,,,15,activity,shopping,-122.4122066,37.78744429,17.851
963285439,2936845,1,WALK_LOC,16,leg,,,,
,2936845,,,17,activity,home,-122.4079946,37.78400024,
,2936848,,,1,activity,Home,-122.4093681,37.77967593,14.153
963286193,2936848,1,WALK,2,leg,,,,
,2936848,,,3,activity,eatout,-122.4182393,37.77764878,15.097
963286197,2936848,1,WALK,4,leg,,,,
,2936848,,,5,activity,home,-122.4112294,37.780043,15.941
963286345,2936848,1,WALK,6,leg,,,,
,2936848,,,7,activity,escort,-122.4125584,37.77806988,16.036
963286346,2936848,1,WALK,8,leg,,,,
,2936848,,,9,activity,othdiscr,-122.4049368,37.7818241,16.775
963286349,2936848,1,WALK,10,leg,,,,
,2936848,,,11,activity,home,-122.4093681,37.77967593,
,2957186,,,1,activity,Home,-122.412198,37.78594029,7.892
969957321,2957186,1,WALK,2,leg,,,,
,2957186,,,3,activity,work,-122.4037306,37.7911353,19.394
969957325,2957186,1,WALK,4,leg,,,,
,2957186,,,5,activity,home,-122.412198,37.78594029,
,3061894,,,1,activity,Home,-122.4045638,37.79431103,12.203
1004301497,3061894,1,TNC_SHARED,2,leg,,,,
,3061894,,,3,activity,shopping,-122.4078119,37.778577,13.216
1004301501,3061894,1,DRIVEALONEFREE,4,leg,,,,
,3061894,,,5,activity,home,-122.4045638,37.79431103,
,3061895,,,1,activity,Home,-122.4032252,37.79401278,6.621
1004301873,3061895,1,WALK,2,leg,,,,
,3061895,,,3,activity,work,-122.4080472,37.79627862,13.375
1004301877,3061895,1,WALK,4,leg,,,,
,3061895,,,5,activity,home,-122.4045584,37.79549309,15.99
1004301785,3061895,1,WALK,6,leg,,,,
,3061895,,,7,activity,othmaint,-122.4127987,37.78776035,16.755
1004301789,3061895,1,WALK,8,leg,,,,
,3061895,,,9,activity,home,-122.402551,37.79484815,17.404
1004301761,3061895,1,WALK_HVY,10,leg,,,,
,3061895,,,11,activity,othdiscr,-122.4174877,37.77672288,19.139
1004301765,3061895,1,WALK_LRF,12,leg,,,,
,3061895,,,13,activity,home,-122.4032252,37.79401278,
,3188482,,,1,activity,Home,-122.4059529,37.79656529,8.294
1045822409,3188482,1,WALK,2,leg,,,,
,3188482,,,3,activity,work,-122.4122066,37.78744429,9.689
1045822410,3188482,1,WALK,4,leg,,,,
,3188482,,,5,activity,work,-122.4023707,37.79417568,17.746
1045822413,3188482,1,WALK,6,leg,,,,
,3188482,,,7,activity,home,-122.4059529,37.79656529,
,3188483,,,1,activity,Home,-122.4071277,37.79674682,9.211
1045822217,3188483,3,WALK,2,leg,,,,
,3188483,,,3,activity,othdiscr,-122.4018909,37.79734259,9.4
1045822221,3188483,3,WALK,4,leg,,,,
,3188483,,,5,activity,home,-122.4077254,37.79682175,9.98
1045822737,3188483,1,WALK,6,leg,,,,
,3188483,,,7,activity,work,-122.403423,37.79156617,17.91
1045822741,3188483,1,WALK_LOC,8,leg,,,,
,3188483,,,9,activity,home,-122.4071277,37.79674682,
,3188484,,,1,activity,Home,-122.4054817,37.79558123,9.724
1045823065,3188484,1,WALK,2,leg,,,,
,3188484,,,3,activity,work,-122.4036618,37.79189287,12.944
1045823069,3188484,1,WALK_LOC,4,leg,,,,
,3188484,,,5,activity,home,-122.4064369,37.79586433,16.667
1045823001,3188484,1,WALK,6,leg,,,,
,3188484,,,7,activity,univ,-122.3977749,37.78990791,17.17
1045823005,3188484,1,WALK,8,leg,,,,
,3188484,,,9,activity,shopping,-122.412198,37.78594029,17.39
1045823006,3188484,1,WALK,10,leg,,,,
,3188484,,,11,activity,othmaint,-122.4092135,37.7875622,17.451
1045823007,3188484,1,WALK,12,leg,,,,
,3188484,,,13,activity,home,-122.4054817,37.79558123,
,3188485,,,1,activity,Home,-122.4057084,37.79588328,10.342
1045823393,3188485,1,BIKE,2,leg,,,,
,3188485,,,3,activity,escort,-122.4049295,37.79486098,12.527
1045823394,3188485,1,BIKE,4,leg,,,,
,3188485,,,5,activity,work,-122.3997768,37.79240949,20.506
1045823397,3188485,1,BIKE,6,leg,,,,
,3188485,,,7,activity,eatout,-122.4132508,37.78611772,21.419
1045823398,3188485,1,BIKE,8,leg,,,,
,3188485,,,9,activity,home,-122.4057084,37.79588328,
,3233462,,,1,activity,Home,-122.3893475,37.78709544,6.192
1060575801,3233462,1,WALK,2,leg,,,,
,3233462,,,3,activity,shopping,-122.3936343,37.78960722,6.929
1060575805,3233462,1,WALK_LRF,4,leg,,,,
,3233462,,,5,activity,home,-122.387973,37.78883828,7.136
1060575737,3233462,1,WALK,6,leg,,,,
,3233462,,,7,activity,othdiscr,-122.3959068,37.78977388,7.235
1060575741,3233462,1,WALK_LOC,8,leg,,,,
,3233462,,,9,activity,home,-122.3849826,37.78696734,7.265
1060575809,3233462,1,WALK_LOC,10,leg,,,,
,3233462,,,11,activity,shopping,-122.3991865,37.78949387,7.276
1060575813,3233462,1,WALK_LOC,12,leg,,,,
,3233462,,,13,activity,home,-122.3894525,37.7886834,7.279
1060575849,3233462,1,WALK_LRF,14,leg,,,,
,3233462,,,15,activity,work,-122.394523,37.79536342,23.716
1060575853,3233462,1,TNC_SINGLE,16,leg,,,,
,3233462,,,17,activity,home,-122.3893475,37.78709544,
,3328454,,,1,activity,Home,-122.4103521,37.7829019,8.756
1091733225,3328454,1,WALK,2,leg,,,,
,3328454,,,3,activity,work,-122.3965269,37.80234799,17.411
1091733229,3328454,1,WALK_LRF,4,leg,,,,
,3328454,,,5,activity,home,-122.4103521,37.7829019,
,3328568,,,1,activity,Home,-122.4133074,37.7835304,6.442
1091770617,3328568,1,WALK_LRF,2,leg,,,,
,3328568,,,3,activity,work,-122.3977534,37.79215532,17.773
1091770621,3328568,1,WALK,4,leg,,,,
,3328568,,,5,activity,home,-122.4133074,37.7835304,
,3328569,,,1,activity,Home,-122.4098607,37.78436326,10.701
1091770897,3328569,1,WALK_LOC,2,leg,,,,
,3328569,,,3,activity,eatout,-122.4172769,37.7801662,10.961
1091770898,3328569,1,WALK_LRF,4,leg,,,,
,3328569,,,5,activity,shopping,-122.3998383,37.79065563,10.963
1091770901,3328569,1,WALK_LRF,6,leg,,,,
,3328569,,,7,activity,home,-122.4128069,37.7849134,14.108
1091770681,3328569,1,WALK,8,leg,,,,
,3328569,,,9,activity,eatout,-122.3968359,37.78910552,16.894
1091770685,3328569,1,WALK_LRF,10,leg,,,,
,3328569,,,11,activity,home,-122.4098607,37.78436326,
,3494722,,,1,activity,Home,-122.4090544,37.78996437,10.243
1146269081,3494722,1,WALK,2,leg,,,,
,3494722,,,3,activity,shopping,-122.4172067,37.78369156,21.175
1146269085,3494722,1,WALK_LRF,4,leg,,,,
,3494722,,,5,activity,home,-122.4090544,37.78996437,
,3494723,,,1,activity,Home,-122.4117828,37.78885553,10.635
1146269345,3494723,1,WALK,2,leg,,,,
,3494723,,,3,activity,othdiscr,-122.3971314,37.79162096,10.971
1146269349,3494723,1,WALK,4,leg,,,,
,3494723,,,5,activity,home,-122.4113561,37.78974653,12.755
1146269369,3494723,1,TNC_SINGLE,6,leg,,,,
,3494723,,,7,activity,othmaint,-122.4109759,37.7890207,13.392
1146269373,3494723,1,WALK_LOC,8,leg,,,,
,3494723,,,9,activity,escort,-122.4087917,37.78471652,13.532
1146269374,3494723,1,WALK_LOC,10,leg,,,,
,3494723,,,11,activity,eatout,-122.4133211,37.7871592,14.375
1146269375,3494723,1,WALK_LOC,12,leg,,,,
,3494723,,,13,activity,escort,-122.4126009,37.78030517,14.838
1146269376,3494723,1,WALK_LOC,14,leg,,,,
,3494723,,,15,activity,home,-122.4117828,37.78885553,
,3495080,,,1,activity,Home,-122.4182393,37.77764878,6.363
1146386553,3495080,1,WALK,2,leg,,,,
,3495080,,,3,activity,work,-122.4133489,37.78298751,11.018
1146386557,3495080,1,WALK,4,leg,,,,
,3495080,,,5,activity,home,-122.4164392,37.78103933,13.176
1146386561,3495080,1,BIKE,6,leg,,,,
,3495080,,,7,activity,work,-122.4095644,37.78374504,17.49
1146386565,3495080,1,BIKE,8,leg,,,,
,3495080,,,9,activity,home,-122.4182393,37.77764878,
,3495081,,,1,activity,Home,-122.4157205,37.7778946,7.051
1146386881,3495081,1,DRIVEALONEFREE,2,leg,,,,
,3495081,,,3,activity,work,-122.4031753,37.79348235,19.146
1146386885,3495081,1,WALK,4,leg,,,,
,3495081,,,5,activity,home,-122.4157205,37.7778946,
,3495342,,,1,activity,Home,-122.4167542,37.77680818,7.532
1146472489,3495342,1,WALK_LOC,2,leg,,,,
,3495342,,,3,activity,work,-122.4070996,37.78136605,16.459
1146472493,3495342,1,WALK,4,leg,,,,
,3495342,,,5,activity,home,-122.4119651,37.77936589,16.555
1146472377,3495342,1,WALK_LOC,6,leg,,,,
,3495342,,,7,activity,othdiscr,-122.3918772,37.79295781,22.9
1146472381,3495342,1,WALK_LRF,8,leg,,,,
,3495342,,,9,activity,home,-122.4167542,37.77680818,
,3495343,,,1,activity,Home,-122.4131414,37.77729292,13.132
1146472817,3495343,1,WALK,2,leg,,,,
,3495343,,,3,activity,work,-122.4159266,37.78146693,14.135
1146472537,3495343,1,WALK,4,leg,,,,
,3495343,,,5,activity,othmaint,-122.4139698,37.78920104,14.457
1146472538,3495343,1,WALK,6,leg,,,,
,3495343,,,7,activity,shopping,-122.4129709,37.78965019,14.637
1146472539,3495343,1,WALK,8,leg,,,,
,3495343,,,9,activity,escort,-122.41354,37.78581383,14.668
1146472540,3495343,1,WALK,10,leg,,,,
,3495343,,,11,activity,atwork,-122.3932221,37.78999502,14.999
1146472541,3495343,1,WALK,12,leg,,,,
,3495343,,,13,activity,work,-122.415332,37.78411215,17.747
1146472821,3495343,1,WALK,14,leg,,,,
,3495343,,,15,activity,home,-122.4131414,37.77729292,
,3596364,,,1,activity,Home,-122.4194236,37.78206799,14.723
1179607441,3596364,1,WALK,2,leg,,,,
,3596364,,,3,activity,eatout,-122.4057334,37.78936295,14.89
1179607445,3596364,1,WALK,4,leg,,,,
,3596364,,,5,activity,home,-122.4146795,37.77894982,19.23
1179607657,3596364,1,WALK_LRF,6,leg,,,,
,3596364,,,7,activity,shopping,-122.3966181,37.79705361,20.246
1179607661,3596364,1,WALK_LRF,8,leg,,,,
,3596364,,,9,activity,shopping,-122.4131956,37.7818313,20.285
1179607662,3596364,1,WALK_LOC,10,leg,,,,
,3596364,,,11,activity,eatout,-122.4162801,37.77805128,20.598
1179607663,3596364,1,WALK,12,leg,,,,
,3596364,,,13,activity,home,-122.4194236,37.78206799,
,3596365,,,1,activity,Home,-122.4187299,37.78243718,7.287
1179608009,3596365,1,WALK,2,leg,,,,
,3596365,,,3,activity,social,-122.4153353,37.78437249,18.125
1179608013,3596365,1,WALK,4,leg,,,,
,3596365,,,5,activity,home,-122.4187299,37.78243718,
,3891102,,,1,activity,Home,-122.3974172,37.78317794,7.146
1276281769,3891102,1,WALK_LOC,2,leg,,,,
,3891102,,,3,activity,work,-122.4078146,37.78125042,16.201
1276281773,3891102,1,WALK_LOC,4,leg,,,,
,3891102,,,5,activity,home,-122.3974172,37.78317794,
,3891103,,,1,activity,Home,-122.3955667,37.78597782,13.341
1276282049,3891103,1,WALK,2,leg,,,,
,3891103,,,3,activity,shopping,-122.3979053,37.78532556,16.561
1276282053,3891103,1,WALK,4,leg,,,,
,3891103,,,5,activity,home,-122.3955667,37.78597782,
,3891104,,,1,activity,Home,-122.3889144,37.79068626,7.404
1276282361,3891104,1,WALK_LRF,2,leg,,,,
,3891104,,,3,activity,school,-122.394065,37.78326892,14.905
1276282365,3891104,1,WALK_LRF,4,leg,,,,
,3891104,,,5,activity,home,-122.3964317,37.78666026,14.982
1276282313,3891104,1,WALK,6,leg,,,,
,3891104,,,7,activity,othdiscr,-122.4012807,37.79343419,15.88
1276282317,3891104,1,WALK,8,leg,,,,
,3891104,,,9,activity,home,-122.390122,37.78920257,16.923
1276282321,3891104,1,WALK_LOC,10,leg,,,,
,3891104,,,11,activity,othdiscr,-122.4081895,37.77104169,21.012
1276282325,3891104,1,WALK_LOC,12,leg,,,,
,3891104,,,13,activity,home,-122.3889144,37.79068626,
,4171615,,,1,activity,Home,-122.3976826,37.78366109,13.258
1368289969,4171615,1,WALK,2,leg,,,,
,4171615,,,3,activity,univ,-122.4013288,37.78537352,13.293
1368289973,4171615,1,WALK,4,leg,,,,
,4171615,,,5,activity,home,-122.3976826,37.78366109,
,4171616,,,1,activity,Home,-122.3919982,37.79001012,9.634
1368290273,4171616,1,WALK,2,leg,,,,
,4171616,,,3,activity,othmaint,-122.4053491,37.79128141,11.026
1368290277,4171616,1,WALK,4,leg,,,,
,4171616,,,5,activity,home,-122.3919982,37.79001012,
,4171617,,,1,activity,Home,-122.3904559,37.78829455,9.659
1368290689,4171617,1,WALK,2,leg,,,,
,4171617,,,3,activity,social,-122.4094139,37.78527636,12.716
1368290690,4171617,1,WALK,4,leg,,,,
,4171617,,,5,activity,work,-122.3914609,37.79407327,18.018
1368290693,4171617,1,WALK,6,leg,,,,
,4171617,,,7,activity,home,-122.3904559,37.78829455,
,4171619,,,1,activity,Home,-122.392422,37.79030814,13.751
1368291297,4171619,1,WALK,2,leg,,,,
,4171619,,,3,activity,shopping,-122.3968374,37.79342919,14.911
1368291301,4171619,1,WALK,4,leg,,,,
,4171619,,,5,activity,shopping,-122.4137594,37.7848456,15.356
1368291302,4171619,1,WALK,6,leg,,,,
,4171619,,,7,activity,home,-122.392422,37.79030814,
,4171620,,,1,activity,Home,-122.3945179,37.78653636,7.226
1368291609,4171620,1,WALK_LOC,2,leg,,,,
,4171620,,,3,activity,school,-122.4106198,37.78296186,15.211
1368291613,4171620,1,WALK_LOC,4,leg,,,,
,4171620,,,5,activity,home,-122.3945179,37.78653636,
,4171622,,,1,activity,Home,-122.3890515,37.79125911,9.309
1368292281,4171622,1,WALK,2,leg,,,,
,4171622,,,3,activity,shopping,-122.4074507,37.77123886,15.706
1368292285,4171622,1,WALK,4,leg,,,,
,4171622,,,5,activity,home,-122.3890515,37.79125911,
,4171623,,,1,activity,Home,-122.3916025,37.78728549,8.097
1368292657,4171623,1,WALK,2,leg,,,,
,4171623,,,3,activity,escort,-122.4081914,37.79595382,8.265
1368292658,4171623,1,WALK,4,leg,,,,
,4171623,,,5,activity,work,-122.4024474,37.78229087,10.225
1368292377,4171623,1,WALK,6,leg,,,,
,4171623,,,7,activity,atwork,-122.410457,37.78778326,10.76
1368292381,4171623,1,WALK,8,leg,,,,
,4171623,,,9,activity,othmaint,-122.4133797,37.7888675,10.925
1368292382,4171623,1,WALK,10,leg,,,,
,4171623,,,11,activity,work,-122.4015104,37.78275758,23.049
1368292661,4171623,1,WALK,12,leg,,,,
,4171623,,,13,activity,work,-122.4094732,37.78718553,23.926
1368292662,4171623,1,WALK,14,leg,,,,
,4171623,,,15,activity,home,-122.3916025,37.78728549,
,4823797,,,1,activity,Home,-122.3960273,37.79132235,11.131
1582205729,4823797,1,BIKE,2,leg,,,,
,4823797,,,3,activity,work,-122.4017747,37.78442778,15.1
1582205733,4823797,1,BIKE,4,leg,,,,
,4823797,,,5,activity,home,-122.3961094,37.7917375,15.613
1582205641,4823797,1,WALK,6,leg,,,,
,4823797,,,7,activity,othmaint,-122.4092327,37.78546458,15.881
1582205645,4823797,1,WALK,8,leg,,,,
,4823797,,,9,activity,home,-122.3966504,37.7926838,16.052
1582205617,4823797,1,WALK,10,leg,,,,
,4823797,,,11,activity,othdiscr,-122.393296,37.78729472,18.608
1582205621,4823797,1,WALK,12,leg,,,,
,4823797,,,13,activity,home,-122.3960273,37.79132235,
,5057160,,,1,activity,Home,-122.4070549,37.78785455,7.38
1658748793,5057160,1,WALK_LRF,2,leg,,,,
,5057160,,,3,activity,work,-122.4023144,37.80125028,13.753
1658748797,5057160,1,WALK_LOC,4,leg,,,,
,5057160,,,5,activity,home,-122.4070549,37.78785455,
,5057338,,,1,activity,Home,-122.4094446,37.78747241,6.005
1658807177,5057338,1,WALK,2,leg,,,,
,5057338,,,3,activity,work,-122.4006095,37.79229607,17.822
1658807181,5057338,1,WALK_LOC,4,leg,,,,
,5057338,,,5,activity,home,-122.4139872,37.78617699,18.222
1658807089,5057338,1,WALK,6,leg,,,,
,5057338,,,7,activity,othmaint,-122.4111643,37.78662895,18.483
1658807093,5057338,1,WALK,8,leg,,,,
,5057338,,,9,activity,home,-122.4112275,37.78602524,18.924
1658807153,5057338,1,WALK_LOC,10,leg,,,,
,5057338,,,11,activity,social,-122.4118381,37.7898576,19.896
1658807157,5057338,1,WALK_LOC,12,leg,,,,
,5057338,,,13,activity,home,-122.4128287,37.78722752,20.512
1658806913,5057338,1,WALK,14,leg,,,,
,5057338,,,15,activity,eatout,-122.413012,37.77902968,20.844
1658806917,5057338,1,WALK,16,leg,,,,
,5057338,,,17,activity,home,-122.4114338,37.7860011,21.067
1658807129,5057338,1,WALK,18,leg,,,,
,5057338,,,19,activity,shopping,-122.4075226,37.79588748,21.672
1658807133,5057338,1,WALK,20,leg,,,,
,5057338,,,21,activity,home,-122.4094446,37.78747241,
,5057765,,,1,activity,Home,-122.4078887,37.7838496,9.109
1658947233,5057765,1,WALK,2,leg,,,,
,5057765,,,3,activity,othmaint,-122.4091911,37.78573228,10.596
1658947234,5057765,1,WALK,4,leg,,,,
,5057765,,,5,activity,work,-122.4157649,37.78280333,18.882
1658947237,5057765,1,WALK,6,leg,,,,
,5057765,,,7,activity,othdiscr,-122.412198,37.78594029,19.757
1658947238,5057765,1,WALK,8,leg,,,,
,5057765,,,9,activity,home,-122.4078887,37.7838496,
,5386806,,,1,activity,Home,-122.412198,37.78594029,11.382
1766872681,5386806,1,WALK,2,leg,,,,
,5386806,,,3,activity,work,-122.4119869,37.78981927,20.641
1766872685,5386806,1,WALK,4,leg,,,,
,5386806,,,5,activity,home,-122.412198,37.78594029,
,5386807,,,1,activity,Home,-122.4083955,37.78650489,8.529
1766872897,5386807,1,WALK,2,leg,,,,
,5386807,,,3,activity,othdiscr,-122.4009451,37.78881561,11.356
1766872901,5386807,1,WALK,4,leg,,,,
,5386807,,,5,activity,home,-122.4100753,37.7877837,11.918
1766872921,5386807,1,BIKE,6,leg,,,,
,5386807,,,7,activity,othmaint,-122.4061232,37.79061212,20.043
1766872925,5386807,1,BIKE,8,leg,,,,
,5386807,,,9,activity,home,-122.4083955,37.78650489,
,5387236,,,1,activity,Home,-122.4139739,37.78145261,7.785
1767013721,5387236,1,WALK_LRF,2,leg,,,,
,5387236,,,3,activity,work,-122.3974297,37.79238948,16.221
1767013725,5387236,1,WALK_LRF,4,leg,,,,
,5387236,,,5,activity,shopping,-122.4110954,37.78237324,16.876
1767013726,5387236,1,WALK_LOC,6,leg,,,,
,5387236,,,7,activity,home,-122.4139739,37.78145261,
,5387237,,,1,activity,Home,-122.4157286,37.78033343,7.836
1767013785,5387237,1,WALK,2,leg,,,,
,5387237,,,3,activity,eatout,-122.3984824,37.77958251,10.382
1767013789,5387237,1,WALK,4,leg,,,,
,5387237,,,5,activity,home,-122.4157286,37.78033343,
,5387752,,,1,activity,Home,-122.4174877,37.77672288,12.649
1767182857,5387752,1,WALK_LRF,2,leg,,,,
,5387752,,,3,activity,othdiscr,-122.4013527,37.7932674,16.095
1767182861,5387752,1,WALK_LRF,4,leg,,,,
,5387752,,,5,activity,home,-122.4157096,37.78148568,16.289
1767182945,5387752,1,WALK,6,leg,,,,
,5387752,,,7,activity,social,-122.398617,37.79360501,17.655
1767182949,5387752,1,WALK_LRF,8,leg,,,,
,5387752,,,9,activity,home,-122.4186346,37.77996047,17.658
1767182865,5387752,1,WALK_LRF,10,leg,,,,
,5387752,,,11,activity,othdiscr,-122.394766,37.79196498,22.11
1767182869,5387752,1,WALK_LRF,12,leg,,,,
,5387752,,,13,activity,home,-122.4174877,37.77672288,
,5387753,,,1,activity,Home,-122.3993279,37.78493441,13.911
1767183169,5387753,1,WALK,2,leg,,,,
,5387753,,,3,activity,atwork,-122.4163375,37.78132183,13.939
1767183297,5387753,1,WALK_LRF,4,leg,,,,
,5387753,,,5,activity,work,-122.391074,37.79272078,14.04
1767183173,5387753,1,WALK,6,leg,,,,
,5387753,,,7,activity,work,-122.3987351,37.7862378,23.713
1767183301,5387753,1,WALK_LOC,8,leg,,,,
,5387753,,,9,activity,home,-122.3993279,37.78493441,
,5387762,,,1,activity,Home,-122.4156006,37.78449643,7.289
1767186249,5387762,1,WALK_HVY,2,leg,,,,
,5387762,,,3,activity,work,-122.4019472,37.78991953,17.89
1767186253,5387762,1,WALK_LRF,4,leg,,,,
,5387762,,,5,activity,home,-122.4156006,37.78449643,
,5387763,,,1,activity,Home,-122.4163664,37.78100309,8.397
1767186577,5387763,1,WALK,2,leg,,,,
,5387763,,,3,activity,escort,-122.4115523,37.78624022,8.672
1767186578,5387763,1,WALK_LOC,4,leg,,,,
,5387763,,,5,activity,work,-122.3973012,37.79097568,17.178
1767186581,5387763,1,WALK_LRF,6,leg,,,,
,5387763,,,7,activity,othmaint,-122.4155493,37.78415339,17.908
1767186582,5387763,1,WALK,8,leg,,,,
,5387763,,,9,activity,home,-122.4163664,37.78100309,
,5389226,,,1,activity,Home,-122.390593,37.79131788,9.545
1767666441,5389226,1,WALK,2,leg,,,,
,5389226,,,3,activity,work,-122.3971739,37.79342017,13.47
1767666161,5389226,1,WALK,4,leg,,,,
,5389226,,,5,activity,atwork,-122.4001405,37.79240171,13.881
1767666165,5389226,1,WALK,6,leg,,,,
,5389226,,,7,activity,work,-122.3989562,37.79388367,18.462
1767666445,5389226,1,WALK,8,leg,,,,
,5389226,,,9,activity,home,-122.3983435,37.78424405,20.598
1767666233,5389226,2,TNC_SINGLE,10,leg,,,,
,5389226,,,11,activity,eatout,-122.3994309,37.78874002,20.959
1767666237,5389226,2,TAXI,12,leg,,,,
,5389226,,,13,activity,home,-122.390593,37.79131788,
,5389227,,,1,activity,Home,-122.3938099,37.78624185,6.545
1767666769,5389227,1,WALK,2,leg,,,,
,5389227,,,3,activity,work,-122.3995202,37.80361078,20.524
1767666773,5389227,1,WALK,4,leg,,,,
,5389227,,,5,activity,home,-122.3938099,37.78624185,
,5390966,,,1,activity,Home,-122.3865856,37.7837212,8.253
1768237161,5390966,1,WALK,2,leg,,,,
,5390966,,,3,activity,work,-122.3946861,37.78704046,17.322
1768237165,5390966,1,WALK_LOC,4,leg,,,,
,5390966,,,5,activity,shopping,-122.4061698,37.79545178,18.778
1768237166,5390966,1,WALK_LOC,6,leg,,,,
,5390966,,,7,activity,work,-122.4091911,37.78573228,19.283
1768237167,5390966,1,WALK,8,leg,,,,
,5390966,,,9,activity,home,-122.3950112,37.78312582,21.327
1768236897,5390966,1,WALK,10,leg,,,,
,5390966,,,11,activity,eatout,-122.4119723,37.78808896,21.729
1768236901,5390966,1,WALK,12,leg,,,,
,5390966,,,13,activity,home,-122.3865856,37.7837212,
,5390967,,,1,activity,Home,-122.3969478,37.7826242,6.999
1768237489,5390967,1,WALK,2,leg,,,,
,5390967,,,3,activity,work,-122.393893,37.78212785,16.342
1768237493,5390967,1,WALK,4,leg,,,,
,5390967,,,5,activity,home,-122.3969478,37.7826242,
,7305540,,,1,activity,Home,-122.4109759,37.77547844,11.57
2396217433,7305540,1,WALK,2,leg,,,,
,7305540,,,3,activity,work,-122.4114542,37.77421878,15.022
2396217437,7305540,1,WALK,4,leg,,,,
,7305540,,,5,activity,home,-122.4127414,37.77380199,15.157
2396217321,7305540,1,WALK,6,leg,,,,
,7305540,,,7,activity,othdiscr,-122.4050257,37.7860137,21.657
2396217325,7305540,1,WALK,8,leg,,,,
,7305540,,,9,activity,home,-122.4109759,37.77547844,
,7305541,,,1,activity,Home,-122.4096121,37.77584435,6.43
2396217761,7305541,1,WALK,2,leg,,,,
,7305541,,,3,activity,work,-122.4187299,37.78243718,12.398
2396217765,7305541,1,WALK,4,leg,,,,
,7305541,,,5,activity,home,-122.4128539,37.7728694,13.587
2396217769,7305541,1,WALK,6,leg,,,,
,7305541,,,7,activity,work,-122.419682,37.78401128,18.765
2396217773,7305541,1,WALK,8,leg,,,,
,7305541,,,9,activity,home,-122.4096121,37.77584435,
,7453413,,,1,activity,Home,-122.4097974,37.77283726,16.523
2444719729,7453413,1,WALK,2,leg,,,,
,7453413,,,3,activity,shopping,-122.4067414,37.77279697,16.624
2444719733,7453413,1,WALK,4,leg,,,,
,7453413,,,5,activity,home,-122.4097974,37.77283726,
,7511168,,,1,activity,Home,-122.411731,37.78940715,7.375
2463663417,7511168,1,WALK_LOC,2,leg,,,,
,7511168,,,3,activity,work,-122.400394,37.78680137,18.26
2463663421,7511168,1,WALK_LOC,4,leg,,,,
,7511168,,,5,activity,home,-122.411731,37.78940715,
,7512109,,,1,activity,Home,-122.4109981,37.78420869,8.457
2463972065,7512109,1,WALK,2,leg,,,,
,7512109,,,3,activity,work,-122.4013453,37.79337323,10.179
2463971785,7512109,1,WALK,4,leg,,,,
,7512109,,,5,activity,atwork,-122.4084601,37.78531293,10.298
2463971789,7512109,1,WALK,6,leg,,,,
,7512109,,,7,activity,work,-122.4087187,37.7858043,10.614
2463971790,7512109,1,WALK,8,leg,,,,
,7512109,,,9,activity,work,-122.4029978,37.79179119,18.241
2463972069,7512109,1,WALK,10,leg,,,,
,7512109,,,11,activity,shopping,-122.4082959,37.78510403,19.484
2463972070,7512109,1,WALK,12,leg,,,,
,7512109,,,13,activity,shopping,-122.4127962,37.78281999,19.657
2463972071,7512109,1,WALK,14,leg,,,,
,7512109,,,15,activity,home,-122.4109981,37.78420869,
,7512514,,,1,activity,Home,-122.4104996,37.78327749,8.141
2464104641,7512514,1,WALK,2,leg,,,,
,7512514,,,3,activity,eatout,-122.4005594,37.7889012,16.039
2464104645,7512514,1,WALK,4,leg,,,,
,7512514,,,5,activity,home,-122.4112183,37.78451661,16.206
2464104881,7512514,1,WALK,6,leg,,,,
,7512514,,,7,activity,social,-122.4209257,37.78390254,16.712
2464104885,7512514,1,WALK_LOC,8,leg,,,,
,7512514,,,9,activity,home,-122.4127853,37.78411859,17.458
2464104857,7512514,1,WALK,10,leg,,,,
,7512514,,,11,activity,shopping,-122.4134289,37.78923446,19.826
2464104861,7512514,1,WALK,12,leg,,,,
,7512514,,,13,activity,home,-122.4104996,37.78327749,
,7512596,,,1,activity,Home,-122.4097704,37.78415974,7.632
2464131801,7512596,1,WALK,2,leg,,,,
,7512596,,,3,activity,work,-122.4195904,37.78207459,18.738
2464131805,7512596,1,WALK,4,leg,,,,
,7512596,,,5,activity,home,-122.4097704,37.78415974,
,7513432,,,1,activity,Home,-122.4130596,37.78262602,5.186
2464406009,7513432,1,BIKE,2,leg,,,,
,7513432,,,3,activity,work,-122.4101352,37.78572894,15.772
2464406013,7513432,1,BIKE,4,leg,,,,
,7513432,,,5,activity,home,-122.4130596,37.78262602,
,7513546,,,1,activity,Home,-122.4092691,37.7842168,7.884
2464443401,7513546,1,WALK,2,leg,,,,
,7513546,,,3,activity,work,-122.4038835,37.79181283,14.872
2464443405,7513546,1,WALK,4,leg,,,,
,7513546,,,5,activity,home,-122.4092691,37.7842168,
,7513554,,,1,activity,Home,-122.4080559,37.78439734,5.347
2464446025,7513554,1,WALK,2,leg,,,,
,7513554,,,3,activity,work,-122.418249,37.77990576,16.306
2464446029,7513554,1,WALK,4,leg,,,,
,7513554,,,5,activity,home,-122.4080559,37.78439734,
,7513565,,,1,activity,Home,-122.4083571,37.78447657,9.252
2464449633,7513565,1,WALK,2,leg,,,,
,7513565,,,3,activity,univ,-122.4189306,37.78340412,9.257
2464449634,7513565,1,WALK,4,leg,,,,
,7513565,,,5,activity,work,-122.4057478,37.79621894,18.16
2464449637,7513565,1,WALK,6,leg,,,,
,7513565,,,7,activity,home,-122.4083571,37.78447657,
,7523517,,,1,activity,Home,-122.4112353,37.78577063,8.217
2467713777,7523517,1,WALK,2,leg,,,,
,7523517,,,3,activity,othdiscr,-122.4177871,37.77836384,13.218
2467713781,7523517,1,WALK,4,leg,,,,
,7523517,,,5,activity,home,-122.4112353,37.78577063,
,7523648,,,1,activity,Home,-122.4149135,37.77799085,7.317
2467756745,7523648,1,WALK,2,leg,,,,
,7523648,,,3,activity,othdiscr,-122.4166024,37.78230037,15.494
2467756749,7523648,1,WALK,4,leg,,,,
,7523648,,,5,activity,home,-122.4149135,37.77799085,
,7539466,,,1,activity,Home,-122.4051934,37.79135533,8.386
2472945097,7539466,1,WALK_LOC,2,leg,,,,
,7539466,,,3,activity,univ,-122.4025255,37.78522463,16.308
2472945101,7539466,1,WALK_LOC,4,leg,,,,
,7539466,,,5,activity,home,-122.4063525,37.79154769,18.301
2472945113,7539466,1,WALK_LOC,6,leg,,,,
,7539466,,,7,activity,shopping,-122.4125724,37.78292191,21.976
2472945117,7539466,1,WALK_LOC,8,leg,,,,
,7539466,,,9,activity,shopping,-122.4065374,37.79674139,22.241
2472945118,7539466,1,WALK,10,leg,,,,
,7539466,,,11,activity,home,-122.4051934,37.79135533,
,7539708,,,1,activity,Home,-122.4003541,37.77717383,16.222
2473024473,7539708,1,WALK_LOC,2,leg,,,,
,7539708,,,3,activity,univ,-122.399751,37.78827567,23.889
2473024477,7539708,1,WALK_LRF,4,leg,,,,
,7539708,,,5,activity,home,-122.4003541,37.77717383,
