Scenario,Seed,Truck,Total Time (seconds),Total Distance (meters),Average Time (seconds),Average Distance (meters)
2,141,Davis_518,0.0,0.0,2747.25,17367.08156554
2,141,SLC_520,2791.0,21149.672692199998,2747.25,17367.08156554
2,141,Utah_County_502,0.0,0.0,2747.25,17367.08156554
2,141,Utah_County_524,992.0,30462.231255999992,2747.25,17367.08156554
2,141,Davis_526,0.0,0.0,2747.25,17367.08156554
2,141,SLC_514,688.0,17157.3990476,2747.25,17367.08156554
2,141,Davis_506,0.0,0.0,2747.25,17367.08156554
2,141,Utah_County_521,0.0,0.0,2747.25,17367.08156554
2,141,SLC_517,660.0,17789.547799600005,2747.25,17367.08156554
2,141,SLC_519,634.0,15472.098199600001,2747.25,17367.08156554
2,141,NEW_Utah_County_533,0.0,0.0,2747.25,17367.08156554
2,141,NEW_Utah_County_532,0.0,0.0,2747.25,17367.08156554
2,141,NEW_SLC_511,0.0,0.0,2747.25,17367.08156554
2,141,NEW_Davis_530,0.0,0.0,2747.25,17367.08156554
2,141,NEW_Davis_531,0.0,0.0,2747.25,17367.08156554
2,141,Davis_529,0.0,0.0,2747.25,17367.08156554
2,141,SLC_510,274.0,6168.8094341999995,2747.25,17367.08156554
2,141,SLC_523,1075.0,28741.508834599997,2747.25,17367.08156554
2,141,Utah_County_513,27678.0,70630.66563980002,2747.25,17367.08156554
2,141,SLC_525,0.0,0.0,2747.25,17367.08156554
2,141,SLC_505,691.0,19196.2236134,2747.25,17367.08156554
2,141,SLC_527,7880.0,46144.654100199994,2747.25,17367.08156554
2,141,NEW_SLC_507,0.0,0.0,2747.25,17367.08156554
2,141,NEW_SLC_508,0.0,0.0,2747.25,17367.08156554
2,141,Utah_County_516,3606.0,33452.4332562,2747.25,17367.08156554
2,141,NEW_SLC_509,0.0,0.0,2747.25,17367.08156554
2,141,Davis_512,0.0,0.0,2747.25,17367.08156554
2,141,SLC_528,7976.0,40976.387437399986,2747.25,17367.08156554
2,141,NEW_SLC_503,0.0,0.0,2747.25,17367.08156554
2,141,NEW_SLC_504,0.0,0.0,2747.25,17367.08156554
3,141,Davis_518,0.0,0.0,1507.5333333333333,8687.46998638
3,141,SLC_520,4741.0,21149.672692199998,1507.5333333333333,8687.46998638
3,141,Utah_County_502,0.0,0.0,1507.5333333333333,8687.46998638
3,141,Utah_County_524,1001.0,30462.231255999992,1507.5333333333333,8687.46998638
3,141,Davis_526,0.0,0.0,1507.5333333333333,8687.46998638
3,141,SLC_514,0.0,0.0,1507.5333333333333,8687.46998638
3,141,Davis_506,0.0,0.0,1507.5333333333333,8687.46998638
3,141,Utah_County_521,0.0,0.0,1507.5333333333333,8687.46998638
3,141,SLC_517,600.0,17789.547799600005,1507.5333333333333,8687.46998638
3,141,SLC_519,565.0,15472.098199600001,1507.5333333333333,8687.46998638
3,141,NEW_Utah_County_533,0.0,0.0,1507.5333333333333,8687.46998638
3,141,NEW_Utah_County_532,275.0,7848.6385262,1507.5333333333333,8687.46998638
3,141,NEW_SLC_511,4683.0,18409.996649800003,1507.5333333333333,8687.46998638
3,141,NEW_Davis_530,0.0,0.0,1507.5333333333333,8687.46998638
3,141,NEW_Davis_531,0.0,0.0,1507.5333333333333,8687.46998638
3,141,Davis_529,0.0,0.0,1507.5333333333333,8687.46998638
3,141,SLC_510,262.0,6168.8094341999995,1507.5333333333333,8687.46998638
3,141,SLC_523,0.0,0.0,1507.5333333333333,8687.46998638
3,141,Utah_County_513,0.0,0.0,1507.5333333333333,8687.46998638
3,141,SLC_525,0.0,0.0,1507.5333333333333,8687.46998638
3,141,SLC_505,571.0,14248.018102200002,1507.5333333333333,8687.46998638
3,141,SLC_527,12106.0,38373.7949762,1507.5333333333333,8687.46998638
3,141,NEW_SLC_507,0.0,0.0,1507.5333333333333,8687.46998638
3,141,NEW_SLC_508,4699.0,26824.736614399993,1507.5333333333333,8687.46998638
3,141,Utah_County_516,3611.0,33452.4332562,1507.5333333333333,8687.46998638
3,141,NEW_SLC_509,527.0,11004.634733199997,1507.5333333333333,8687.46998638
3,141,Davis_512,0.0,0.0,1507.5333333333333,8687.46998638
3,141,SLC_528,11585.0,19419.487351599997,1507.5333333333333,8687.46998638
3,141,NEW_SLC_503,0.0,0.0,1507.5333333333333,8687.46998638
3,141,NEW_SLC_504,0.0,0.0,1507.5333333333333,8687.46998638
2,167,Davis_518,8990.0,38352.56778159999,5257.1,23033.73105355
2,167,SLC_520,445.0,11803.784697,5257.1,23033.73105355
2,167,Utah_County_502,395.0,12450.7876572,5257.1,23033.73105355
2,167,Utah_County_524,615.0,16279.487984200005,5257.1,23033.73105355
2,167,Davis_526,0.0,0.0,5257.1,23033.73105355
2,167,SLC_514,16046.0,45122.2243048,5257.1,23033.73105355
2,167,Davis_506,0.0,0.0,5257.1,23033.73105355
2,167,Utah_County_521,851.0,27351.650623800004,5257.1,23033.73105355
2,167,SLC_517,163.0,5619.895747000001,5257.1,23033.73105355
2,167,SLC_519,7909.0,13578.226887600005,5257.1,23033.73105355
2,167,NEW_Utah_County_533,0.0,0.0,5257.1,23033.73105355
2,167,NEW_Utah_County_532,0.0,0.0,5257.1,23033.73105355
2,167,NEW_SLC_511,0.0,0.0,5257.1,23033.73105355
2,167,NEW_Davis_530,0.0,0.0,5257.1,23033.73105355
2,167,NEW_Davis_531,0.0,0.0,5257.1,23033.73105355
2,167,Davis_529,422.0,13764.153937799998,5257.1,23033.73105355
2,167,SLC_510,9505.0,71814.5122372,5257.1,23033.73105355
2,167,SLC_523,0.0,0.0,5257.1,23033.73105355
2,167,Utah_County_513,133.0,4676.742039999999,5257.1,23033.73105355
2,167,SLC_525,14265.0,22657.865673199994,5257.1,23033.73105355
2,167,SLC_505,27145.0,98963.17680679995,5257.1,23033.73105355
2,167,SLC_527,7628.0,28518.502590799988,5257.1,23033.73105355
2,167,NEW_SLC_507,0.0,0.0,5257.1,23033.73105355
2,167,NEW_SLC_508,0.0,0.0,5257.1,23033.73105355
2,167,Utah_County_516,208.0,5298.8806972,5257.1,23033.73105355
2,167,NEW_SLC_509,0.0,0.0,5257.1,23033.73105355
2,167,Davis_512,0.0,0.0,5257.1,23033.73105355
2,167,SLC_528,10422.0,44422.16140479999,5257.1,23033.73105355
2,167,NEW_SLC_503,0.0,0.0,5257.1,23033.73105355
2,167,NEW_SLC_504,0.0,0.0,5257.1,23033.73105355
3,167,Davis_518,0.0,0.0,3337.4333333333334,13131.186568186666
3,167,SLC_520,453.0,11803.784697,3337.4333333333334,13131.186568186666
3,167,Utah_County_502,393.0,12450.7876572,3337.4333333333334,13131.186568186666
3,167,Utah_County_524,613.0,16279.487984200005,3337.4333333333334,13131.186568186666
3,167,Davis_526,0.0,0.0,3337.4333333333334,13131.186568186666
3,167,SLC_514,14291.0,21114.733920799998,3337.4333333333334,13131.186568186666
3,167,Davis_506,0.0,0.0,3337.4333333333334,13131.186568186666
3,167,Utah_County_521,0.0,0.0,3337.4333333333334,13131.186568186666
3,167,SLC_517,163.0,5619.895747000001,3337.4333333333334,13131.186568186666
3,167,SLC_519,7913.0,13578.226887600005,3337.4333333333334,13131.186568186666
3,167,NEW_Utah_County_533,614.0,18104.302516800006,3337.4333333333334,13131.186568186666
3,167,NEW_Utah_County_532,486.0,14778.279538800001,3337.4333333333334,13131.186568186666
3,167,NEW_SLC_511,777.0,19800.112354999997,3337.4333333333334,13131.186568186666
3,167,NEW_Davis_530,486.0,10477.495416200001,3337.4333333333334,13131.186568186666
3,167,NEW_Davis_531,0.0,0.0,3337.4333333333334,13131.186568186666
3,167,Davis_529,0.0,0.0,3337.4333333333334,13131.186568186666
3,167,SLC_510,331.0,9982.2049378,3337.4333333333334,13131.186568186666
3,167,SLC_523,0.0,0.0,3337.4333333333334,13131.186568186666
3,167,Utah_County_513,133.0,4676.742039999999,3337.4333333333334,13131.186568186666
3,167,SLC_525,0.0,0.0,3337.4333333333334,13131.186568186666
3,167,SLC_505,25611.0,26705.4845204,3337.4333333333334,13131.186568186666
3,167,SLC_527,10023.0,39922.97784699999,3337.4333333333334,13131.186568186666
3,167,NEW_SLC_507,1496.0,44137.42087859998,3337.4333333333334,13131.186568186666
3,167,NEW_SLC_508,0.0,0.0,3337.4333333333334,13131.186568186666
3,167,Utah_County_516,205.0,5298.8806972,3337.4333333333334,13131.186568186666
3,167,NEW_SLC_509,16045.0,34306.976702799984,3337.4333333333334,13131.186568186666
3,167,Davis_512,0.0,0.0,3337.4333333333334,13131.186568186666
3,167,SLC_528,350.0,9963.955022200002,3337.4333333333334,13131.186568186666
3,167,NEW_SLC_503,19740.0,74933.84767899997,3337.4333333333334,13131.186568186666
3,167,NEW_SLC_504,0.0,0.0,3337.4333333333334,13131.186568186666
2,227,Davis_518,0.0,0.0,5772.5,28001.72179071
2,227,SLC_520,435.0,11364.3061298,5772.5,28001.72179071
2,227,Utah_County_502,320.0,10494.4578598,5772.5,28001.72179071
2,227,Utah_County_524,20007.0,62335.451357,5772.5,28001.72179071
2,227,Davis_526,0.0,0.0,5772.5,28001.72179071
2,227,SLC_514,1002.0,30530.692579599996,5772.5,28001.72179071
2,227,Davis_506,0.0,0.0,5772.5,28001.72179071
2,227,Utah_County_521,441.0,13407.669034400002,5772.5,28001.72179071
2,227,SLC_517,13967.0,60350.65233500003,5772.5,28001.72179071
2,227,SLC_519,7576.0,21539.5514006,5772.5,28001.72179071
2,227,NEW_Utah_County_533,0.0,0.0,5772.5,28001.72179071
2,227,NEW_Utah_County_532,0.0,0.0,5772.5,28001.72179071
2,227,NEW_SLC_511,0.0,0.0,5772.5,28001.72179071
2,227,NEW_Davis_530,0.0,0.0,5772.5,28001.72179071
2,227,NEW_Davis_531,0.0,0.0,5772.5,28001.72179071
2,227,Davis_529,1289.0,39022.8578916,5772.5,28001.72179071
2,227,SLC_510,8975.0,68715.85681440002,5772.5,28001.72179071
2,227,SLC_523,5990.0,16348.013681399998,5772.5,28001.72179071
2,227,Utah_County_513,6606.0,31480.01005880001,5772.5,28001.72179071
2,227,SLC_525,12590.0,36028.35895359999,5772.5,28001.72179071
2,227,SLC_505,13854.0,49623.1459498,5772.5,28001.72179071
2,227,SLC_527,14909.0,37937.1971276,5772.5,28001.72179071
2,227,NEW_SLC_507,0.0,0.0,5772.5,28001.72179071
2,227,NEW_SLC_508,0.0,0.0,5772.5,28001.72179071
2,227,Utah_County_516,6019.0,41694.28182460001,5772.5,28001.72179071
2,227,NEW_SLC_509,0.0,0.0,5772.5,28001.72179071
2,227,Davis_512,0.0,0.0,5772.5,28001.72179071
2,227,SLC_528,1470.0,29161.9328162,5772.5,28001.72179071
2,227,NEW_SLC_503,0.0,0.0,5772.5,28001.72179071
2,227,NEW_SLC_504,0.0,0.0,5772.5,28001.72179071
3,227,Davis_518,0.0,0.0,2719.0333333333333,12683.650572053331
3,227,SLC_520,555.0,11364.3061298,2719.0333333333333,12683.650572053331
3,227,Utah_County_502,320.0,10494.4578598,2719.0333333333333,12683.650572053331
3,227,Utah_County_524,752.0,22656.095399199996,2719.0333333333333,12683.650572053331
3,227,Davis_526,0.0,0.0,2719.0333333333333,12683.650572053331
3,227,SLC_514,0.0,0.0,2719.0333333333333,12683.650572053331
3,227,Davis_506,0.0,0.0,2719.0333333333333,12683.650572053331
3,227,Utah_County_521,438.0,13407.669034400002,2719.0333333333333,12683.650572053331
3,227,SLC_517,548.0,16151.738575000001,2719.0333333333333,12683.650572053331
3,227,SLC_519,7576.0,21539.5514006,2719.0333333333333,12683.650572053331
3,227,NEW_Utah_County_533,983.0,30912.379747400002,2719.0333333333333,12683.650572053331
3,227,NEW_Utah_County_532,13738.0,29343.482461599993,2719.0333333333333,12683.650572053331
3,227,NEW_SLC_511,273.0,8624.6300874,2719.0333333333333,12683.650572053331
3,227,NEW_Davis_530,0.0,0.0,2719.0333333333333,12683.650572053331
3,227,NEW_Davis_531,0.0,0.0,2719.0333333333333,12683.650572053331
3,227,Davis_529,0.0,0.0,2719.0333333333333,12683.650572053331
3,227,SLC_510,258.0,8709.7319866,2719.0333333333333,12683.650572053331
3,227,SLC_523,0.0,0.0,2719.0333333333333,12683.650572053331
3,227,Utah_County_513,760.0,24397.047224400005,2719.0333333333333,12683.650572053331
3,227,SLC_525,0.0,0.0,2719.0333333333333,12683.650572053331
3,227,SLC_505,12613.0,31591.971842599996,2719.0333333333333,12683.650572053331
3,227,SLC_527,14303.0,34353.679749599985,2719.0333333333333,12683.650572053331
3,227,NEW_SLC_507,6660.0,24068.613117199995,2719.0333333333333,12683.650572053331
3,227,NEW_SLC_508,5989.0,13895.7013894,2719.0333333333333,12683.650572053331
3,227,Utah_County_516,180.0,6545.5398348,2719.0333333333333,12683.650572053331
3,227,NEW_SLC_509,722.0,19695.360414400002,2719.0333333333333,12683.650572053331
3,227,Davis_512,0.0,0.0,2719.0333333333333,12683.650572053331
3,227,SLC_528,1043.0,18632.713212399998,2719.0333333333333,12683.650572053331
3,227,NEW_SLC_503,13860.0,34124.84769499999,2719.0333333333333,12683.650572053331
3,227,NEW_SLC_504,0.0,0.0,2719.0333333333333,12683.650572053331
2,340,Davis_518,4099.0,42865.07667460002,3524.05,19529.570230949997
2,340,SLC_520,4098.0,30467.5259846,3524.05,19529.570230949997
2,340,Utah_County_502,0.0,0.0,3524.05,19529.570230949997
2,340,Utah_County_524,0.0,0.0,3524.05,19529.570230949997
2,340,Davis_526,0.0,0.0,3524.05,19529.570230949997
2,340,SLC_514,9365.0,39437.214661399994,3524.05,19529.570230949997
2,340,Davis_506,0.0,0.0,3524.05,19529.570230949997
2,340,Utah_County_521,0.0,0.0,3524.05,19529.570230949997
2,340,SLC_517,8822.0,32037.211847,3524.05,19529.570230949997
2,340,SLC_519,12053.0,27802.555504999997,3524.05,19529.570230949997
2,340,NEW_Utah_County_533,0.0,0.0,3524.05,19529.570230949997
2,340,NEW_Utah_County_532,0.0,0.0,3524.05,19529.570230949997
2,340,NEW_SLC_511,0.0,0.0,3524.05,19529.570230949997
2,340,NEW_Davis_530,0.0,0.0,3524.05,19529.570230949997
2,340,NEW_Davis_531,0.0,0.0,3524.05,19529.570230949997
2,340,Davis_529,0.0,0.0,3524.05,19529.570230949997
2,340,SLC_510,1128.0,32564.785685799987,3524.05,19529.570230949997
2,340,SLC_523,10893.0,16624.369546200003,3524.05,19529.570230949997
2,340,Utah_County_513,0.0,0.0,3524.05,19529.570230949997
2,340,SLC_525,1249.0,28282.863027999992,3524.05,19529.570230949997
2,340,SLC_505,1243.0,39299.278130000006,3524.05,19529.570230949997
2,340,SLC_527,15769.0,50931.97389159998,3524.05,19529.570230949997
2,340,NEW_SLC_507,0.0,0.0,3524.05,19529.570230949997
2,340,NEW_SLC_508,0.0,0.0,3524.05,19529.570230949997
2,340,Utah_County_516,1287.0,36589.51971820001,3524.05,19529.570230949997
2,340,NEW_SLC_509,0.0,0.0,3524.05,19529.570230949997
2,340,Davis_512,0.0,0.0,3524.05,19529.570230949997
2,340,SLC_528,475.0,13689.029946599998,3524.05,19529.570230949997
2,340,NEW_SLC_503,0.0,0.0,3524.05,19529.570230949997
2,340,NEW_SLC_504,0.0,0.0,3524.05,19529.570230949997
3,340,Davis_518,0.0,0.0,1727.2666666666667,9777.227593573332
3,340,SLC_520,5931.0,28236.835903999996,1727.2666666666667,9777.227593573332
3,340,Utah_County_502,0.0,0.0,1727.2666666666667,9777.227593573332
3,340,Utah_County_524,0.0,0.0,1727.2666666666667,9777.227593573332
3,340,Davis_526,0.0,0.0,1727.2666666666667,9777.227593573332
3,340,SLC_514,0.0,0.0,1727.2666666666667,9777.227593573332
3,340,Davis_506,0.0,0.0,1727.2666666666667,9777.227593573332
3,340,Utah_County_521,0.0,0.0,1727.2666666666667,9777.227593573332
3,340,SLC_517,548.0,16151.738575000001,1727.2666666666667,9777.227593573332
3,340,SLC_519,12061.0,27802.555504999997,1727.2666666666667,9777.227593573332
3,340,NEW_Utah_County_533,0.0,0.0,1727.2666666666667,9777.227593573332
3,340,NEW_Utah_County_532,0.0,0.0,1727.2666666666667,9777.227593573332
3,340,NEW_SLC_511,7459.0,18967.2628116,1727.2666666666667,9777.227593573332
3,340,NEW_Davis_530,0.0,0.0,1727.2666666666667,9777.227593573332
3,340,NEW_Davis_531,0.0,0.0,1727.2666666666667,9777.227593573332
3,340,Davis_529,0.0,0.0,1727.2666666666667,9777.227593573332
3,340,SLC_510,9361.0,29704.07118200001,1727.2666666666667,9777.227593573332
3,340,SLC_523,10903.0,16624.369546200003,1727.2666666666667,9777.227593573332
3,340,Utah_County_513,0.0,0.0,1727.2666666666667,9777.227593573332
3,340,SLC_525,0.0,0.0,1727.2666666666667,9777.227593573332
3,340,SLC_505,1037.0,23846.475917000007,1727.2666666666667,9777.227593573332
3,340,SLC_527,555.0,18857.296609399993,1727.2666666666667,9777.227593573332
3,340,NEW_SLC_507,641.0,18632.713212399998,1727.2666666666667,9777.227593573332
3,340,NEW_SLC_508,480.0,10925.133337200003,1727.2666666666667,9777.227593573332
3,340,Utah_County_516,0.0,0.0,1727.2666666666667,9777.227593573332
3,340,NEW_SLC_509,1060.0,31393.41147339999,1727.2666666666667,9777.227593573332
3,340,Davis_512,0.0,0.0,1727.2666666666667,9777.227593573332
3,340,SLC_528,463.0,13689.029946599998,1727.2666666666667,9777.227593573332
3,340,NEW_SLC_503,748.0,23800.979875199988,1727.2666666666667,9777.227593573332
3,340,NEW_SLC_504,571.0,14684.9539122,1727.2666666666667,9777.227593573332
2,398,Davis_518,0.0,0.0,3189.25,13867.437355649998
2,398,SLC_520,641.0,11945.567550999996,3189.25,13867.437355649998
2,398,Utah_County_502,14985.0,66524.65993739999,3189.25,13867.437355649998
2,398,Utah_County_524,1035.0,30109.801889399998,3189.25,13867.437355649998
2,398,Davis_526,0.0,0.0,3189.25,13867.437355649998
2,398,SLC_514,0.0,0.0,3189.25,13867.437355649998
2,398,Davis_506,0.0,0.0,3189.25,13867.437355649998
2,398,Utah_County_521,0.0,0.0,3189.25,13867.437355649998
2,398,SLC_517,0.0,0.0,3189.25,13867.437355649998
2,398,SLC_519,0.0,0.0,3189.25,13867.437355649998
2,398,NEW_Utah_County_533,0.0,0.0,3189.25,13867.437355649998
2,398,NEW_Utah_County_532,0.0,0.0,3189.25,13867.437355649998
2,398,NEW_SLC_511,0.0,0.0,3189.25,13867.437355649998
2,398,NEW_Davis_530,0.0,0.0,3189.25,13867.437355649998
2,398,NEW_Davis_531,0.0,0.0,3189.25,13867.437355649998
2,398,Davis_529,0.0,0.0,3189.25,13867.437355649998
2,398,SLC_510,16428.0,48284.078509399995,3189.25,13867.437355649998
2,398,SLC_523,0.0,0.0,3189.25,13867.437355649998
2,398,Utah_County_513,14974.0,43588.088763000014,3189.25,13867.437355649998
2,398,SLC_525,0.0,0.0,3189.25,13867.437355649998
2,398,SLC_505,13742.0,24190.39187500001,3189.25,13867.437355649998
2,398,SLC_527,579.0,13487.218710599998,3189.25,13867.437355649998
2,398,NEW_SLC_507,0.0,0.0,3189.25,13867.437355649998
2,398,NEW_SLC_508,0.0,0.0,3189.25,13867.437355649998
2,398,Utah_County_516,467.0,13999.246325,3189.25,13867.437355649998
2,398,NEW_SLC_509,0.0,0.0,3189.25,13867.437355649998
2,398,Davis_512,0.0,0.0,3189.25,13867.437355649998
2,398,SLC_528,934.0,25219.6935522,3189.25,13867.437355649998
2,398,NEW_SLC_503,0.0,0.0,3189.25,13867.437355649998
2,398,NEW_SLC_504,0.0,0.0,3189.25,13867.437355649998
3,398,Davis_518,0.0,0.0,1907.7333333333333,6557.57447932
3,398,SLC_520,634.0,11945.567550999996,1907.7333333333333,6557.57447932
3,398,Utah_County_502,0.0,0.0,1907.7333333333333,6557.57447932
3,398,Utah_County_524,0.0,0.0,1907.7333333333333,6557.57447932
3,398,Davis_526,0.0,0.0,1907.7333333333333,6557.57447932
3,398,SLC_514,0.0,0.0,1907.7333333333333,6557.57447932
3,398,Davis_506,0.0,0.0,1907.7333333333333,6557.57447932
3,398,Utah_County_521,0.0,0.0,1907.7333333333333,6557.57447932
3,398,SLC_517,0.0,0.0,1907.7333333333333,6557.57447932
3,398,SLC_519,0.0,0.0,1907.7333333333333,6557.57447932
3,398,NEW_Utah_County_533,636.0,18876.608689400007,1907.7333333333333,6557.57447932
3,398,NEW_Utah_County_532,243.0,6724.9007778,1907.7333333333333,6557.57447932
3,398,NEW_SLC_511,180.0,5911.7817428,1907.7333333333333,6557.57447932
3,398,NEW_Davis_530,0.0,0.0,1907.7333333333333,6557.57447932
3,398,NEW_Davis_531,0.0,0.0,1907.7333333333333,6557.57447932
3,398,Davis_529,0.0,0.0,1907.7333333333333,6557.57447932
3,398,SLC_510,10665.0,24756.943928599998,1907.7333333333333,6557.57447932
3,398,SLC_523,0.0,0.0,1907.7333333333333,6557.57447932
3,398,Utah_County_513,14974.0,43588.088763000014,1907.7333333333333,6557.57447932
3,398,SLC_525,0.0,0.0,1907.7333333333333,6557.57447932
3,398,SLC_505,0.0,0.0,1907.7333333333333,6557.57447932
3,398,SLC_527,0.0,0.0,1907.7333333333333,6557.57447932
3,398,NEW_SLC_507,250.0,6754.6413809999995,1907.7333333333333,6557.57447932
3,398,NEW_SLC_508,0.0,0.0,1907.7333333333333,6557.57447932
3,398,Utah_County_516,14981.0,44256.914373600004,1907.7333333333333,6557.57447932
3,398,NEW_SLC_509,0.0,0.0,1907.7333333333333,6557.57447932
3,398,Davis_512,0.0,0.0,1907.7333333333333,6557.57447932
3,398,SLC_528,952.0,25219.6935522,1907.7333333333333,6557.57447932
3,398,NEW_SLC_503,13717.0,8692.093620199998,1907.7333333333333,6557.57447932
3,398,NEW_SLC_504,0.0,0.0,1907.7333333333333,6557.57447932
2,418,Davis_518,0.0,0.0,1361.7,7738.654621259999
2,418,SLC_520,0.0,0.0,1361.7,7738.654621259999
2,418,Utah_County_502,0.0,0.0,1361.7,7738.654621259999
2,418,Utah_County_524,0.0,0.0,1361.7,7738.654621259999
2,418,Davis_526,0.0,0.0,1361.7,7738.654621259999
2,418,SLC_514,239.0,6271.163458200001,1361.7,7738.654621259999
2,418,Davis_506,0.0,0.0,1361.7,7738.654621259999
2,418,Utah_County_521,0.0,0.0,1361.7,7738.654621259999
2,418,SLC_517,255.0,8150.985231999999,1361.7,7738.654621259999
2,418,SLC_519,381.0,8671.8320296,1361.7,7738.654621259999
2,418,NEW_Utah_County_533,0.0,0.0,1361.7,7738.654621259999
2,418,NEW_Utah_County_532,0.0,0.0,1361.7,7738.654621259999
2,418,NEW_SLC_511,0.0,0.0,1361.7,7738.654621259999
2,418,NEW_Davis_530,0.0,0.0,1361.7,7738.654621259999
2,418,NEW_Davis_531,0.0,0.0,1361.7,7738.654621259999
2,418,Davis_529,0.0,0.0,1361.7,7738.654621259999
2,418,SLC_510,14562.0,33952.117232799996,1361.7,7738.654621259999
2,418,SLC_523,6532.0,11542.540534800002,1361.7,7738.654621259999
2,418,Utah_County_513,713.0,20121.175684999995,1361.7,7738.654621259999
2,418,SLC_525,182.0,6049.718274200001,1361.7,7738.654621259999
2,418,SLC_505,3313.0,27621.311634200003,1361.7,7738.654621259999
2,418,SLC_527,151.0,5464.771464400001,1361.7,7738.654621259999
2,418,NEW_SLC_507,0.0,0.0,1361.7,7738.654621259999
2,418,NEW_SLC_508,0.0,0.0,1361.7,7738.654621259999
2,418,Utah_County_516,556.0,16963.521857800002,1361.7,7738.654621259999
2,418,NEW_SLC_509,0.0,0.0,1361.7,7738.654621259999
2,418,Davis_512,0.0,0.0,1361.7,7738.654621259999
2,418,SLC_528,350.0,9963.955022200002,1361.7,7738.654621259999
2,418,NEW_SLC_503,0.0,0.0,1361.7,7738.654621259999
2,418,NEW_SLC_504,0.0,0.0,1361.7,7738.654621259999
3,418,Davis_518,0.0,0.0,690.9666666666667,4563.087766966666
3,418,SLC_520,0.0,0.0,690.9666666666667,4563.087766966666
3,418,Utah_County_502,0.0,0.0,690.9666666666667,4563.087766966666
3,418,Utah_County_524,0.0,0.0,690.9666666666667,4563.087766966666
3,418,Davis_526,0.0,0.0,690.9666666666667,4563.087766966666
3,418,SLC_514,240.0,6271.163458200001,690.9666666666667,4563.087766966666
3,418,Davis_506,0.0,0.0,690.9666666666667,4563.087766966666
3,418,Utah_County_521,0.0,0.0,690.9666666666667,4563.087766966666
3,418,SLC_517,242.0,8150.985231999999,690.9666666666667,4563.087766966666
3,418,SLC_519,376.0,8671.8320296,690.9666666666667,4563.087766966666
3,418,NEW_Utah_County_533,0.0,0.0,690.9666666666667,4563.087766966666
3,418,NEW_Utah_County_532,0.0,0.0,690.9666666666667,4563.087766966666
3,418,NEW_SLC_511,0.0,0.0,690.9666666666667,4563.087766966666
3,418,NEW_Davis_530,0.0,0.0,690.9666666666667,4563.087766966666
3,418,NEW_Davis_531,0.0,0.0,690.9666666666667,4563.087766966666
3,418,Davis_529,0.0,0.0,690.9666666666667,4563.087766966666
3,418,SLC_510,0.0,0.0,690.9666666666667,4563.087766966666
3,418,SLC_523,154.0,5102.0423218000005,690.9666666666667,4563.087766966666
3,418,Utah_County_513,0.0,0.0,690.9666666666667,4563.087766966666
3,418,SLC_525,182.0,6049.718274200001,690.9666666666667,4563.087766966666
3,418,SLC_505,3317.0,27621.311634200003,690.9666666666667,4563.087766966666
3,418,SLC_527,148.0,5464.771464400001,690.9666666666667,4563.087766966666
3,418,NEW_SLC_507,558.0,16753.0845594,690.9666666666667,4563.087766966666
3,418,NEW_SLC_508,0.0,0.0,690.9666666666667,4563.087766966666
3,418,Utah_County_516,550.0,16963.521857800002,690.9666666666667,4563.087766966666
3,418,NEW_SLC_509,0.0,0.0,690.9666666666667,4563.087766966666
3,418,Davis_512,0.0,0.0,690.9666666666667,4563.087766966666
3,418,SLC_528,366.0,9963.955022200002,690.9666666666667,4563.087766966666
3,418,NEW_SLC_503,14515.0,23326.49816299999,690.9666666666667,4563.087766966666
3,418,NEW_SLC_504,81.0,2553.7489922000004,690.9666666666667,4563.087766966666
2,472,Davis_518,374.0,13801.474532400001,6025.55,35008.676301579995
2,472,SLC_520,594.0,17620.744127,6025.55,35008.676301579995
2,472,Utah_County_502,0.0,0.0,6025.55,35008.676301579995
2,472,Utah_County_524,25457.0,47750.212151199994,6025.55,35008.676301579995
2,472,Davis_526,0.0,0.0,6025.55,35008.676301579995
2,472,SLC_514,15072.0,57898.0503618,6025.55,35008.676301579995
2,472,Davis_506,7428.0,105126.07996319997,6025.55,35008.676301579995
2,472,Utah_County_521,0.0,0.0,6025.55,35008.676301579995
2,472,SLC_517,503.0,14750.196555800001,6025.55,35008.676301579995
2,472,SLC_519,0.0,0.0,6025.55,35008.676301579995
2,472,NEW_Utah_County_533,0.0,0.0,6025.55,35008.676301579995
2,472,NEW_Utah_County_532,0.0,0.0,6025.55,35008.676301579995
2,472,NEW_SLC_511,0.0,0.0,6025.55,35008.676301579995
2,472,NEW_Davis_530,0.0,0.0,6025.55,35008.676301579995
2,472,NEW_Davis_531,0.0,0.0,6025.55,35008.676301579995
2,472,Davis_529,648.0,20902.059639799998,6025.55,35008.676301579995
2,472,SLC_510,9722.0,86136.91403419999,6025.55,35008.676301579995
2,472,SLC_523,205.0,6172.6074766,6025.55,35008.676301579995
2,472,Utah_County_513,7307.0,23795.347185199997,6025.55,35008.676301579995
2,472,SLC_525,7186.0,71540.03930019999,6025.55,35008.676301579995
2,472,SLC_505,10121.0,108544.54343080001,6025.55,35008.676301579995
2,472,SLC_527,3295.0,36385.97039499998,6025.55,35008.676301579995
2,472,NEW_SLC_507,0.0,0.0,6025.55,35008.676301579995
2,472,NEW_SLC_508,0.0,0.0,6025.55,35008.676301579995
2,472,Utah_County_516,25456.0,31639.656586800007,6025.55,35008.676301579995
2,472,NEW_SLC_509,0.0,0.0,6025.55,35008.676301579995
2,472,Davis_512,6374.0,48325.08449260001,6025.55,35008.676301579995
2,472,SLC_528,769.0,9784.545799,6025.55,35008.676301579995
2,472,NEW_SLC_503,0.0,0.0,6025.55,35008.676301579995
2,472,NEW_SLC_504,0.0,0.0,6025.55,35008.676301579995
3,472,Davis_518,377.0,13801.474532400001,3751.8,21859.120190186666
3,472,SLC_520,0.0,0.0,3751.8,21859.120190186666
3,472,Utah_County_502,0.0,0.0,3751.8,21859.120190186666
3,472,Utah_County_524,23380.0,71368.85380439999,3751.8,21859.120190186666
3,472,Davis_526,0.0,0.0,3751.8,21859.120190186666
3,472,SLC_514,14592.0,33348.6308262,3751.8,21859.120190186666
3,472,Davis_506,6553.0,139971.62229699994,3751.8,21859.120190186666
3,472,Utah_County_521,0.0,0.0,3751.8,21859.120190186666
3,472,SLC_517,514.0,13328.409039400003,3751.8,21859.120190186666
3,472,SLC_519,0.0,0.0,3751.8,21859.120190186666
3,472,NEW_Utah_County_533,0.0,0.0,3751.8,21859.120190186666
3,472,NEW_Utah_County_532,145.0,3773.1137234000003,3751.8,21859.120190186666
3,472,NEW_SLC_511,0.0,0.0,3751.8,21859.120190186666
3,472,NEW_Davis_530,0.0,0.0,3751.8,21859.120190186666
3,472,NEW_Davis_531,0.0,0.0,3751.8,21859.120190186666
3,472,Davis_529,0.0,0.0,3751.8,21859.120190186666
3,472,SLC_510,3267.0,30165.098811800006,3751.8,21859.120190186666
3,472,SLC_523,558.0,11897.850620000003,3751.8,21859.120190186666
3,472,Utah_County_513,7295.0,23795.347185199997,3751.8,21859.120190186666
3,472,SLC_525,757.0,23751.782351400005,3751.8,21859.120190186666
3,472,SLC_505,4465.0,34985.6192874,3751.8,21859.120190186666
3,472,SLC_527,6146.0,14992.289571999998,3751.8,21859.120190186666
3,472,NEW_SLC_507,4774.0,39915.52660279999,3751.8,21859.120190186666
3,472,NEW_SLC_508,392.0,10480.907217,3751.8,21859.120190186666
3,472,Utah_County_516,25456.0,31639.656586800007,3751.8,21859.120190186666
3,472,NEW_SLC_509,1003.0,21249.773640199997,3751.8,21859.120190186666
3,472,Davis_512,6539.0,116832.2420957999,3751.8,21859.120190186666
3,472,SLC_528,0.0,0.0,3751.8,21859.120190186666
3,472,NEW_SLC_503,6258.0,17921.6585202,3751.8,21859.120190186666
3,472,NEW_SLC_504,83.0,2553.7489922000004,3751.8,21859.120190186666
2,499,Davis_518,0.0,0.0,4864.2,28178.964842269994
2,499,SLC_520,620.0,17221.772647599995,4864.2,28178.964842269994
2,499,Utah_County_502,0.0,0.0,4864.2,28178.964842269994
2,499,Utah_County_524,6717.0,42347.11059560003,4864.2,28178.964842269994
2,499,Davis_526,0.0,0.0,4864.2,28178.964842269994
2,499,SLC_514,2227.0,72458.18386359997,4864.2,28178.964842269994
2,499,Davis_506,15033.0,71058.12243720001,4864.2,28178.964842269994
2,499,Utah_County_521,0.0,0.0,4864.2,28178.964842269994
2,499,SLC_517,427.0,13739.901184,4864.2,28178.964842269994
2,499,SLC_519,27.0,1585.9562898000001,4864.2,28178.964842269994
2,499,NEW_Utah_County_533,0.0,0.0,4864.2,28178.964842269994
2,499,NEW_Utah_County_532,0.0,0.0,4864.2,28178.964842269994
2,499,NEW_SLC_511,0.0,0.0,4864.2,28178.964842269994
2,499,NEW_Davis_530,0.0,0.0,4864.2,28178.964842269994
2,499,NEW_Davis_531,0.0,0.0,4864.2,28178.964842269994
2,499,Davis_529,0.0,0.0,4864.2,28178.964842269994
2,499,SLC_510,6965.0,67856.66237519994,4864.2,28178.964842269994
2,499,SLC_523,6004.0,11404.507443000002,4864.2,28178.964842269994
2,499,Utah_County_513,715.0,20121.175684999995,4864.2,28178.964842269994
2,499,SLC_525,2432.0,73985.19002919998,4864.2,28178.964842269994
2,499,SLC_505,20581.0,33545.259987399986,4864.2,28178.964842269994
2,499,SLC_527,0.0,0.0,4864.2,28178.964842269994
2,499,NEW_SLC_507,0.0,0.0,4864.2,28178.964842269994
2,499,NEW_SLC_508,0.0,0.0,4864.2,28178.964842269994
2,499,Utah_County_516,31689.0,48452.6568744,4864.2,28178.964842269994
2,499,NEW_SLC_509,0.0,0.0,4864.2,28178.964842269994
2,499,Davis_512,2533.0,77735.98220679999,4864.2,28178.964842269994
2,499,SLC_528,1314.0,12066.815226599998,4864.2,28178.964842269994
2,499,NEW_SLC_503,0.0,0.0,4864.2,28178.964842269994
2,499,NEW_SLC_504,0.0,0.0,4864.2,28178.964842269994
3,499,Davis_518,0.0,0.0,2500.1666666666665,14867.54426413333
3,499,SLC_520,0.0,0.0,2500.1666666666665,14867.54426413333
3,499,Utah_County_502,0.0,0.0,2500.1666666666665,14867.54426413333
3,499,Utah_County_524,6717.0,42347.11059560003,2500.1666666666665,14867.54426413333
3,499,Davis_526,0.0,0.0,2500.1666666666665,14867.54426413333
3,499,SLC_514,15055.0,32585.8841332,2500.1666666666665,14867.54426413333
3,499,Davis_506,0.0,0.0,2500.1666666666665,14867.54426413333
3,499,Utah_County_521,0.0,0.0,2500.1666666666665,14867.54426413333
3,499,SLC_517,0.0,0.0,2500.1666666666665,14867.54426413333
3,499,SLC_519,27.0,1585.9562898000001,2500.1666666666665,14867.54426413333
3,499,NEW_Utah_County_533,0.0,0.0,2500.1666666666665,14867.54426413333
3,499,NEW_Utah_County_532,0.0,0.0,2500.1666666666665,14867.54426413333
3,499,NEW_SLC_511,564.0,16302.453266000002,2500.1666666666665,14867.54426413333
3,499,NEW_Davis_530,0.0,0.0,2500.1666666666665,14867.54426413333
3,499,NEW_Davis_531,0.0,0.0,2500.1666666666665,14867.54426413333
3,499,Davis_529,0.0,0.0,2500.1666666666665,14867.54426413333
3,499,SLC_510,312.0,8456.4701508,2500.1666666666665,14867.54426413333
3,499,SLC_523,6003.0,11404.507443000002,2500.1666666666665,14867.54426413333
3,499,Utah_County_513,718.0,20121.175684999995,2500.1666666666665,14867.54426413333
3,499,SLC_525,483.0,14120.912428999995,2500.1666666666665,14867.54426413333
3,499,SLC_505,1964.0,59493.74315860001,2500.1666666666665,14867.54426413333
3,499,SLC_527,0.0,0.0,2500.1666666666665,14867.54426413333
3,499,NEW_SLC_507,6856.0,53924.58990179999,2500.1666666666665,14867.54426413333
3,499,NEW_SLC_508,316.0,9470.6118452,2500.1666666666665,14867.54426413333
3,499,Utah_County_516,31608.0,48452.6568744,2500.1666666666665,14867.54426413333
3,499,NEW_SLC_509,2084.0,61642.93626159996,2500.1666666666665,14867.54426413333
3,499,Davis_512,0.0,0.0,2500.1666666666665,14867.54426413333
3,499,SLC_528,595.0,12066.815226599998,2500.1666666666665,14867.54426413333
3,499,NEW_SLC_503,1703.0,54050.50466339996,2500.1666666666665,14867.54426413333
3,499,NEW_SLC_504,0.0,0.0,2500.1666666666665,14867.54426413333
2,518,Davis_518,0.0,0.0,5017.25,21582.548137380003
2,518,SLC_520,0.0,0.0,5017.25,21582.548137380003
2,518,Utah_County_502,502.0,16169.280381,5017.25,21582.548137380003
2,518,Utah_County_524,1887.0,57956.48549720001,5017.25,21582.548137380003
2,518,Davis_526,0.0,0.0,5017.25,21582.548137380003
2,518,SLC_514,23538.0,58016.86793400002,5017.25,21582.548137380003
2,518,Davis_506,12853.0,65548.2894528,5017.25,21582.548137380003
2,518,Utah_County_521,0.0,0.0,5017.25,21582.548137380003
2,518,SLC_517,0.0,0.0,5017.25,21582.548137380003
2,518,SLC_519,0.0,0.0,5017.25,21582.548137380003
2,518,NEW_Utah_County_533,0.0,0.0,5017.25,21582.548137380003
2,518,NEW_Utah_County_532,0.0,0.0,5017.25,21582.548137380003
2,518,NEW_SLC_511,0.0,0.0,5017.25,21582.548137380003
2,518,NEW_Davis_530,0.0,0.0,5017.25,21582.548137380003
2,518,NEW_Davis_531,0.0,0.0,5017.25,21582.548137380003
2,518,Davis_529,0.0,0.0,5017.25,21582.548137380003
2,518,SLC_510,309.0,10363.7311716,5017.25,21582.548137380003
2,518,SLC_523,0.0,0.0,5017.25,21582.548137380003
2,518,Utah_County_513,12139.0,6709.435020399999,5017.25,21582.548137380003
2,518,SLC_525,499.0,14120.912428999995,5017.25,21582.548137380003
2,518,SLC_505,13780.0,48104.49225880001,5017.25,21582.548137380003
2,518,SLC_527,3783.0,36362.490124399985,5017.25,21582.548137380003
2,518,NEW_SLC_507,0.0,0.0,5017.25,21582.548137380003
2,518,NEW_SLC_508,0.0,0.0,5017.25,21582.548137380003
2,518,Utah_County_516,28007.0,59177.990650600026,5017.25,21582.548137380003
2,518,NEW_SLC_509,0.0,0.0,5017.25,21582.548137380003
2,518,Davis_512,849.0,27926.764366199997,5017.25,21582.548137380003
2,518,SLC_528,2199.0,31194.2234616,5017.25,21582.548137380003
2,518,NEW_SLC_503,0.0,0.0,5017.25,21582.548137380003
2,518,NEW_SLC_504,0.0,0.0,5017.25,21582.548137380003
3,518,Davis_518,0.0,0.0,2112.6666666666665,8703.20772224
3,518,SLC_520,0.0,0.0,2112.6666666666665,8703.20772224
3,518,Utah_County_502,516.0,16169.280381,2112.6666666666665,8703.20772224
3,518,Utah_County_524,0.0,0.0,2112.6666666666665,8703.20772224
3,518,Davis_526,0.0,0.0,2112.6666666666665,8703.20772224
3,518,SLC_514,390.0,12593.9062634,2112.6666666666665,8703.20772224
3,518,Davis_506,0.0,0.0,2112.6666666666665,8703.20772224
3,518,Utah_County_521,0.0,0.0,2112.6666666666665,8703.20772224
3,518,SLC_517,0.0,0.0,2112.6666666666665,8703.20772224
3,518,SLC_519,0.0,0.0,2112.6666666666665,8703.20772224
3,518,NEW_Utah_County_533,8448.0,22787.546290399998,2112.6666666666665,8703.20772224
3,518,NEW_Utah_County_532,12140.0,10632.877193199998,2112.6666666666665,8703.20772224
3,518,NEW_SLC_511,0.0,0.0,2112.6666666666665,8703.20772224
3,518,NEW_Davis_530,0.0,0.0,2112.6666666666665,8703.20772224
3,518,NEW_Davis_531,0.0,0.0,2112.6666666666665,8703.20772224
3,518,Davis_529,0.0,0.0,2112.6666666666665,8703.20772224
3,518,SLC_510,309.0,10363.7311716,2112.6666666666665,8703.20772224
3,518,SLC_523,0.0,0.0,2112.6666666666665,8703.20772224
3,518,Utah_County_513,12139.0,6709.435020399999,2112.6666666666665,8703.20772224
3,518,SLC_525,12819.0,28603.057314399986,2112.6666666666665,8703.20772224
3,518,SLC_505,302.0,9684.525318000002,2112.6666666666665,8703.20772224
3,518,SLC_527,0.0,0.0,2112.6666666666665,8703.20772224
3,518,NEW_SLC_507,550.0,14264.304622999998,2112.6666666666665,8703.20772224
3,518,NEW_SLC_508,0.0,0.0,2112.6666666666665,8703.20772224
3,518,Utah_County_516,1301.0,41845.92993280001,2112.6666666666665,8703.20772224
3,518,NEW_SLC_509,955.0,25600.15762159999,2112.6666666666665,8703.20772224
3,518,Davis_512,12854.0,42408.90925160001,2112.6666666666665,8703.20772224
3,518,SLC_528,0.0,0.0,2112.6666666666665,8703.20772224
3,518,NEW_SLC_503,657.0,19432.571285799993,2112.6666666666665,8703.20772224
3,518,NEW_SLC_504,0.0,0.0,2112.6666666666665,8703.20772224
2,584,Davis_518,23633.0,77826.82944979999,5584.15,20973.383979259997
2,584,SLC_520,7535.0,16182.283848199993,5584.15,20973.383979259997
2,584,Utah_County_502,342.0,12537.611550200001,5584.15,20973.383979259997
2,584,Utah_County_524,252.0,6380.421550800002,5584.15,20973.383979259997
2,584,Davis_526,0.0,0.0,5584.15,20973.383979259997
2,584,SLC_514,681.0,19900.1650228,5584.15,20973.383979259997
2,584,Davis_506,0.0,0.0,5584.15,20973.383979259997
2,584,Utah_County_521,801.0,27438.474516800015,5584.15,20973.383979259997
2,584,SLC_517,507.0,13481.264152600002,5584.15,20973.383979259997
2,584,SLC_519,166.0,4368.633897,5584.15,20973.383979259997
2,584,NEW_Utah_County_533,0.0,0.0,5584.15,20973.383979259997
2,584,NEW_Utah_County_532,0.0,0.0,5584.15,20973.383979259997
2,584,NEW_SLC_511,0.0,0.0,5584.15,20973.383979259997
2,584,NEW_Davis_530,0.0,0.0,5584.15,20973.383979259997
2,584,NEW_Davis_531,0.0,0.0,5584.15,20973.383979259997
2,584,Davis_529,550.0,15611.129082200003,5584.15,20973.383979259997
2,584,SLC_510,20248.0,52886.32420080001,5584.15,20973.383979259997
2,584,SLC_523,667.0,17468.822431,5584.15,20973.383979259997
2,584,Utah_County_513,24026.0,51208.538970600006,5584.15,20973.383979259997
2,584,SLC_525,0.0,0.0,5584.15,20973.383979259997
2,584,SLC_505,359.0,8671.8320296,5584.15,20973.383979259997
2,584,SLC_527,692.0,21921.351222199988,5584.15,20973.383979259997
2,584,NEW_SLC_507,0.0,0.0,5584.15,20973.383979259997
2,584,NEW_SLC_508,0.0,0.0,5584.15,20973.383979259997
2,584,Utah_County_516,30239.0,43051.72792779998,5584.15,20973.383979259997
2,584,NEW_SLC_509,0.0,0.0,5584.15,20973.383979259997
2,584,Davis_512,414.0,13779.185173399997,5584.15,20973.383979259997
2,584,SLC_528,571.0,16753.0845594,5584.15,20973.383979259997
2,584,NEW_SLC_503,0.0,0.0,5584.15,20973.383979259997
2,584,NEW_SLC_504,0.0,0.0,5584.15,20973.383979259997
3,584,Davis_518,28882.0,27008.700269800003,3643.4666666666667,10466.337861979999
3,584,SLC_520,0.0,492.0235182,3643.4666666666667,10466.337861979999
3,584,Utah_County_502,342.0,12537.611550200001,3643.4666666666667,10466.337861979999
3,584,Utah_County_524,254.0,6380.421550800002,3643.4666666666667,10466.337861979999
3,584,Davis_526,0.0,0.0,3643.4666666666667,10466.337861979999
3,584,SLC_514,0.0,0.0,3643.4666666666667,10466.337861979999
3,584,Davis_506,0.0,0.0,3643.4666666666667,10466.337861979999
3,584,Utah_County_521,0.0,0.0,3643.4666666666667,10466.337861979999
3,584,SLC_517,548.0,16151.738575000001,3643.4666666666667,10466.337861979999
3,584,SLC_519,166.0,4368.633897,3643.4666666666667,10466.337861979999
3,584,NEW_Utah_County_533,706.0,19013.096814800003,3643.4666666666667,10466.337861979999
3,584,NEW_Utah_County_532,592.0,18365.932920600004,3643.4666666666667,10466.337861979999
3,584,NEW_SLC_511,12204.0,25621.1916954,3643.4666666666667,10466.337861979999
3,584,NEW_Davis_530,0.0,0.0,3643.4666666666667,10466.337861979999
3,584,NEW_Davis_531,0.0,0.0,3643.4666666666667,10466.337861979999
3,584,Davis_529,0.0,0.0,3643.4666666666667,10466.337861979999
3,584,SLC_510,0.0,0.0,3643.4666666666667,10466.337861979999
3,584,SLC_523,0.0,0.0,3643.4666666666667,10466.337861979999
3,584,Utah_County_513,9655.0,35988.1737338,3643.4666666666667,10466.337861979999
3,584,SLC_525,0.0,0.0,3643.4666666666667,10466.337861979999
3,584,SLC_505,360.0,8671.8320296,3643.4666666666667,10466.337861979999
3,584,SLC_527,666.0,21921.351222199988,3643.4666666666667,10466.337861979999
3,584,NEW_SLC_507,15406.0,34617.53104259999,3643.4666666666667,10466.337861979999
3,584,NEW_SLC_508,110.0,3688.3497856,3643.4666666666667,10466.337861979999
3,584,Utah_County_516,30018.0,15122.984073399999,3643.4666666666667,10466.337861979999
3,584,NEW_SLC_509,394.0,10981.6211712,3643.4666666666667,10466.337861979999
3,584,Davis_512,407.0,13779.185173399997,3643.4666666666667,10466.337861979999
3,584,SLC_528,572.0,16753.0845594,3643.4666666666667,10466.337861979999
3,584,NEW_SLC_503,7821.0,16076.340995999999,3643.4666666666667,10466.337861979999
3,584,NEW_SLC_504,201.0,6450.331280400002,3643.4666666666667,10466.337861979999
2,637,Davis_518,476.0,14600.801523600001,5747.15,22473.440137219997
2,637,SLC_520,8858.0,39836.508008799996,5747.15,22473.440137219997
2,637,Utah_County_502,0.0,0.0,5747.15,22473.440137219997
2,637,Utah_County_524,19981.0,16279.487984200005,5747.15,22473.440137219997
2,637,Davis_526,0.0,0.0,5747.15,22473.440137219997
2,637,SLC_514,881.0,27144.979181000002,5747.15,22473.440137219997
2,637,Davis_506,0.0,0.0,5747.15,22473.440137219997
2,637,Utah_County_521,0.0,0.0,5747.15,22473.440137219997
2,637,SLC_517,5576.0,38932.879692200004,5747.15,22473.440137219997
2,637,SLC_519,7948.0,20785.479050200003,5747.15,22473.440137219997
2,637,NEW_Utah_County_533,0.0,0.0,5747.15,22473.440137219997
2,637,NEW_Utah_County_532,0.0,0.0,5747.15,22473.440137219997
2,637,NEW_SLC_511,0.0,0.0,5747.15,22473.440137219997
2,637,NEW_Davis_530,0.0,0.0,5747.15,22473.440137219997
2,637,NEW_Davis_531,0.0,0.0,5747.15,22473.440137219997
2,637,Davis_529,0.0,0.0,5747.15,22473.440137219997
2,637,SLC_510,9750.0,26909.645392799994,5747.15,22473.440137219997
2,637,SLC_523,9068.0,54796.819995000005,5747.15,22473.440137219997
2,637,Utah_County_513,7037.0,35203.4112696,5747.15,22473.440137219997
2,637,SLC_525,4679.0,41875.879750199994,5747.15,22473.440137219997
2,637,SLC_505,18763.0,33667.61810760001,5747.15,22473.440137219997
2,637,SLC_527,9058.0,36389.14079479998,5747.15,22473.440137219997
2,637,NEW_SLC_507,0.0,0.0,5747.15,22473.440137219997
2,637,NEW_SLC_508,0.0,0.0,5747.15,22473.440137219997
2,637,Utah_County_516,547.0,15862.411429800004,5747.15,22473.440137219997
2,637,NEW_SLC_509,0.0,0.0,5747.15,22473.440137219997
2,637,Davis_512,0.0,0.0,5747.15,22473.440137219997
2,637,SLC_528,12321.0,47183.74056459998,5747.15,22473.440137219997
2,637,NEW_SLC_503,0.0,0.0,5747.15,22473.440137219997
2,637,NEW_SLC_504,0.0,0.0,5747.15,22473.440137219997
3,637,Davis_518,0.0,0.0,3113.766666666667,10027.667719906665
3,637,SLC_520,503.0,9352.920811,3113.766666666667,10027.667719906665
3,637,Utah_County_502,0.0,0.0,3113.766666666667,10027.667719906665
3,637,Utah_County_524,19982.0,16279.487984200005,3113.766666666667,10027.667719906665
3,637,Davis_526,0.0,0.0,3113.766666666667,10027.667719906665
3,637,SLC_514,0.0,0.0,3113.766666666667,10027.667719906665
3,637,Davis_506,0.0,0.0,3113.766666666667,10027.667719906665
3,637,Utah_County_521,0.0,0.0,3113.766666666667,10027.667719906665
3,637,SLC_517,0.0,0.0,3113.766666666667,10027.667719906665
3,637,SLC_519,7949.0,20785.479050200003,3113.766666666667,10027.667719906665
3,637,NEW_Utah_County_533,299.0,8022.527713200002,3113.766666666667,10027.667719906665
3,637,NEW_Utah_County_532,12704.0,15944.906198199995,3113.766666666667,10027.667719906665
3,637,NEW_SLC_511,853.0,24827.513487599994,3113.766666666667,10027.667719906665
3,637,NEW_Davis_530,0.0,0.0,3113.766666666667,10027.667719906665
3,637,NEW_Davis_531,0.0,0.0,3113.766666666667,10027.667719906665
3,637,Davis_529,0.0,0.0,3113.766666666667,10027.667719906665
3,637,SLC_510,4673.0,30684.915631799984,3113.766666666667,10027.667719906665
3,637,SLC_523,158.0,5365.1694118000005,3113.766666666667,10027.667719906665
3,637,Utah_County_513,7038.0,35203.4112696,3113.766666666667,10027.667719906665
3,637,SLC_525,0.0,0.0,3113.766666666667,10027.667719906665
3,637,SLC_505,40.0,1991.9605850000003,3113.766666666667,10027.667719906665
3,637,SLC_527,9436.0,36389.14079479998,3113.766666666667,10027.667719906665
3,637,NEW_SLC_507,9743.0,22366.060144400002,3113.766666666667,10027.667719906665
3,637,NEW_SLC_508,66.0,2293.7762086,3113.766666666667,10027.667719906665
3,637,Utah_County_516,550.0,15862.411429800004,3113.766666666667,10027.667719906665
3,637,NEW_SLC_509,161.0,3516.4078999999997,3113.766666666667,10027.667719906665
3,637,Davis_512,0.0,0.0,3113.766666666667,10027.667719906665
3,637,SLC_528,9429.0,31220.874131999997,3113.766666666667,10027.667719906665
3,637,NEW_SLC_503,9747.0,18169.3198528,3113.766666666667,10027.667719906665
3,637,NEW_SLC_504,82.0,2553.7489922000004,3113.766666666667,10027.667719906665
2,723,Davis_518,0.0,0.0,480.15,2842.07995594
2,723,SLC_520,8451.0,27173.2070046,480.15,2842.07995594
2,723,Utah_County_502,0.0,0.0,480.15,2842.07995594
2,723,Utah_County_524,0.0,0.0,480.15,2842.07995594
2,723,Davis_526,0.0,0.0,480.15,2842.07995594
2,723,SLC_514,0.0,0.0,480.15,2842.07995594
2,723,Davis_506,0.0,0.0,480.15,2842.07995594
2,723,Utah_County_521,0.0,0.0,480.15,2842.07995594
2,723,SLC_517,0.0,0.0,480.15,2842.07995594
2,723,SLC_519,175.0,6060.7261598,480.15,2842.07995594
2,723,NEW_Utah_County_533,0.0,0.0,480.15,2842.07995594
2,723,NEW_Utah_County_532,0.0,0.0,480.15,2842.07995594
2,723,NEW_SLC_511,0.0,0.0,480.15,2842.07995594
2,723,NEW_Davis_530,0.0,0.0,480.15,2842.07995594
2,723,NEW_Davis_531,0.0,0.0,480.15,2842.07995594
2,723,Davis_529,0.0,0.0,480.15,2842.07995594
2,723,SLC_510,0.0,0.0,480.15,2842.07995594
2,723,SLC_523,136.0,4654.1790932,480.15,2842.07995594
2,723,Utah_County_513,0.0,0.0,480.15,2842.07995594
2,723,SLC_525,0.0,0.0,480.15,2842.07995594
2,723,SLC_505,0.0,0.0,480.15,2842.07995594
2,723,SLC_527,841.0,18953.486861200006,480.15,2842.07995594
2,723,NEW_SLC_507,0.0,0.0,480.15,2842.07995594
2,723,NEW_SLC_508,0.0,0.0,480.15,2842.07995594
2,723,Utah_County_516,0.0,0.0,480.15,2842.07995594
2,723,NEW_SLC_509,0.0,0.0,480.15,2842.07995594
2,723,Davis_512,0.0,0.0,480.15,2842.07995594
2,723,SLC_528,0.0,0.0,480.15,2842.07995594
2,723,NEW_SLC_503,0.0,0.0,480.15,2842.07995594
2,723,NEW_SLC_504,0.0,0.0,480.15,2842.07995594
3,723,Davis_518,0.0,0.0,341.6,1631.3804477466667
3,723,SLC_520,599.0,17411.8357016,341.6,1631.3804477466667
3,723,Utah_County_502,0.0,0.0,341.6,1631.3804477466667
3,723,Utah_County_524,0.0,0.0,341.6,1631.3804477466667
3,723,Davis_526,0.0,0.0,341.6,1631.3804477466667
3,723,SLC_514,0.0,0.0,341.6,1631.3804477466667
3,723,Davis_506,0.0,0.0,341.6,1631.3804477466667
3,723,Utah_County_521,0.0,0.0,341.6,1631.3804477466667
3,723,SLC_517,0.0,0.0,341.6,1631.3804477466667
3,723,SLC_519,175.0,6060.7261598,341.6,1631.3804477466667
3,723,NEW_Utah_County_533,0.0,0.0,341.6,1631.3804477466667
3,723,NEW_Utah_County_532,0.0,0.0,341.6,1631.3804477466667
3,723,NEW_SLC_511,9442.0,24433.530962200006,341.6,1631.3804477466667
3,723,NEW_Davis_530,0.0,0.0,341.6,1631.3804477466667
3,723,NEW_Davis_531,0.0,0.0,341.6,1631.3804477466667
3,723,Davis_529,0.0,0.0,341.6,1631.3804477466667
3,723,SLC_510,0.0,0.0,341.6,1631.3804477466667
3,723,SLC_523,0.0,0.0,341.6,1631.3804477466667
3,723,Utah_County_513,0.0,0.0,341.6,1631.3804477466667
3,723,SLC_525,0.0,0.0,341.6,1631.3804477466667
3,723,SLC_505,0.0,0.0,341.6,1631.3804477466667
3,723,SLC_527,0.0,0.0,341.6,1631.3804477466667
3,723,NEW_SLC_507,0.0,0.0,341.6,1631.3804477466667
3,723,NEW_SLC_508,0.0,0.0,341.6,1631.3804477466667
3,723,Utah_County_516,0.0,0.0,341.6,1631.3804477466667
3,723,NEW_SLC_509,0.0,0.0,341.6,1631.3804477466667
3,723,Davis_512,0.0,0.0,341.6,1631.3804477466667
3,723,SLC_528,0.0,0.0,341.6,1631.3804477466667
3,723,NEW_SLC_503,0.0,0.0,341.6,1631.3804477466667
3,723,NEW_SLC_504,32.0,1035.3206088000002,341.6,1631.3804477466667
2,790,Davis_518,0.0,0.0,1369.5,6746.078887529999
2,790,SLC_520,0.0,0.0,1369.5,6746.078887529999
2,790,Utah_County_502,0.0,0.0,1369.5,6746.078887529999
2,790,Utah_County_524,0.0,0.0,1369.5,6746.078887529999
2,790,Davis_526,0.0,0.0,1369.5,6746.078887529999
2,790,SLC_514,536.0,14927.8837852,1369.5,6746.078887529999
2,790,Davis_506,0.0,0.0,1369.5,6746.078887529999
2,790,Utah_County_521,0.0,0.0,1369.5,6746.078887529999
2,790,SLC_517,361.0,10915.091055600004,1369.5,6746.078887529999
2,790,SLC_519,260.0,8378.771215600002,1369.5,6746.078887529999
2,790,NEW_Utah_County_533,0.0,0.0,1369.5,6746.078887529999
2,790,NEW_Utah_County_532,0.0,0.0,1369.5,6746.078887529999
2,790,NEW_SLC_511,0.0,0.0,1369.5,6746.078887529999
2,790,NEW_Davis_530,0.0,0.0,1369.5,6746.078887529999
2,790,NEW_Davis_531,0.0,0.0,1369.5,6746.078887529999
2,790,Davis_529,0.0,0.0,1369.5,6746.078887529999
2,790,SLC_510,0.0,0.0,1369.5,6746.078887529999
2,790,SLC_523,0.0,0.0,1369.5,6746.078887529999
2,790,Utah_County_513,463.0,13308.630250799999,1369.5,6746.078887529999
2,790,SLC_525,279.0,7614.753143999998,1369.5,6746.078887529999
2,790,SLC_505,8801.0,25425.270643800006,1369.5,6746.078887529999
2,790,SLC_527,16349.0,44117.01444739996,1369.5,6746.078887529999
2,790,NEW_SLC_507,0.0,0.0,1369.5,6746.078887529999
2,790,NEW_SLC_508,0.0,0.0,1369.5,6746.078887529999
2,790,Utah_County_516,205.0,5298.8806972,1369.5,6746.078887529999
2,790,NEW_SLC_509,0.0,0.0,1369.5,6746.078887529999
2,790,Davis_512,0.0,0.0,1369.5,6746.078887529999
2,790,SLC_528,136.0,4935.282510999999,1369.5,6746.078887529999
2,790,NEW_SLC_503,0.0,0.0,1369.5,6746.078887529999
2,790,NEW_SLC_504,0.0,0.0,1369.5,6746.078887529999
3,790,Davis_518,0.0,0.0,389.5,3646.8663648666666
3,790,SLC_520,0.0,0.0,389.5,3646.8663648666666
3,790,Utah_County_502,0.0,0.0,389.5,3646.8663648666666
3,790,Utah_County_524,0.0,0.0,389.5,3646.8663648666666
3,790,Davis_526,0.0,0.0,389.5,3646.8663648666666
3,790,SLC_514,551.0,14927.8837852,389.5,3646.8663648666666
3,790,Davis_506,0.0,0.0,389.5,3646.8663648666666
3,790,Utah_County_521,0.0,0.0,389.5,3646.8663648666666
3,790,SLC_517,0.0,0.0,389.5,3646.8663648666666
3,790,SLC_519,260.0,8378.771215600002,389.5,3646.8663648666666
3,790,NEW_Utah_County_533,202.0,5035.1098712,389.5,3646.8663648666666
3,790,NEW_Utah_County_532,273.0,7848.6385262,389.5,3646.8663648666666
3,790,NEW_SLC_511,0.0,0.0,389.5,3646.8663648666666
3,790,NEW_Davis_530,0.0,0.0,389.5,3646.8663648666666
3,790,NEW_Davis_531,0.0,0.0,389.5,3646.8663648666666
3,790,Davis_529,0.0,0.0,389.5,3646.8663648666666
3,790,SLC_510,0.0,0.0,389.5,3646.8663648666666
3,790,SLC_523,0.0,0.0,389.5,3646.8663648666666
3,790,Utah_County_513,475.0,13308.630250799999,389.5,3646.8663648666666
3,790,SLC_525,279.0,7614.753143999998,389.5,3646.8663648666666
3,790,SLC_505,8800.0,25425.270643800006,389.5,3646.8663648666666
3,790,SLC_527,485.0,14794.179817999997,389.5,3646.8663648666666
3,790,NEW_SLC_507,0.0,0.0,389.5,3646.8663648666666
3,790,NEW_SLC_508,218.0,7137.471180199999,389.5,3646.8663648666666
3,790,Utah_County_516,0.0,0.0,389.5,3646.8663648666666
3,790,NEW_SLC_509,0.0,0.0,389.5,3646.8663648666666
3,790,Davis_512,0.0,0.0,389.5,3646.8663648666666
3,790,SLC_528,142.0,4935.282510999999,389.5,3646.8663648666666
3,790,NEW_SLC_503,0.0,0.0,389.5,3646.8663648666666
3,790,NEW_SLC_504,0.0,0.0,389.5,3646.8663648666666
2,847,Davis_518,0.0,0.0,2720.6,14044.55487869
2,847,SLC_520,531.0,14208.492711799996,2720.6,14044.55487869
2,847,Utah_County_502,0.0,0.0,2720.6,14044.55487869
2,847,Utah_County_524,17901.0,30717.50476679999,2720.6,14044.55487869
2,847,Davis_526,0.0,0.0,2720.6,14044.55487869
2,847,SLC_514,654.0,21107.3148634,2720.6,14044.55487869
2,847,Davis_506,0.0,0.0,2720.6,14044.55487869
2,847,Utah_County_521,0.0,0.0,2720.6,14044.55487869
2,847,SLC_517,468.0,12086.690575600001,2720.6,14044.55487869
2,847,SLC_519,350.0,11211.225709000004,2720.6,14044.55487869
2,847,NEW_Utah_County_533,0.0,0.0,2720.6,14044.55487869
2,847,NEW_Utah_County_532,0.0,0.0,2720.6,14044.55487869
2,847,NEW_SLC_511,0.0,0.0,2720.6,14044.55487869
2,847,NEW_Davis_530,0.0,0.0,2720.6,14044.55487869
2,847,NEW_Davis_531,0.0,0.0,2720.6,14044.55487869
2,847,Davis_529,0.0,0.0,2720.6,14044.55487869
2,847,SLC_510,646.0,12322.6037262,2720.6,14044.55487869
2,847,SLC_523,0.0,0.0,2720.6,14044.55487869
2,847,Utah_County_513,786.0,24427.302816399995,2720.6,14044.55487869
2,847,SLC_525,30.0,1662.1102586,2720.6,14044.55487869
2,847,SLC_505,13375.0,39629.402044200004,2720.6,14044.55487869
2,847,SLC_527,1063.0,34330.19947899999,2720.6,14044.55487869
2,847,NEW_SLC_507,0.0,0.0,2720.6,14044.55487869
2,847,NEW_SLC_508,0.0,0.0,2720.6,14044.55487869
2,847,Utah_County_516,17330.0,39032.20815700001,2720.6,14044.55487869
2,847,NEW_SLC_509,0.0,0.0,2720.6,14044.55487869
2,847,Davis_512,361.0,12251.551365199999,2720.6,14044.55487869
2,847,SLC_528,917.0,27904.491100599997,2720.6,14044.55487869
2,847,NEW_SLC_503,0.0,0.0,2720.6,14044.55487869
2,847,NEW_SLC_504,0.0,0.0,2720.6,14044.55487869
3,847,Davis_518,0.0,0.0,1854.7333333333333,5129.765885533333
3,847,SLC_520,0.0,0.0,1854.7333333333333,5129.765885533333
3,847,Utah_County_502,0.0,0.0,1854.7333333333333,5129.765885533333
3,847,Utah_County_524,17908.0,30717.50476679999,1854.7333333333333,5129.765885533333
3,847,Davis_526,0.0,0.0,1854.7333333333333,5129.765885533333
3,847,SLC_514,0.0,0.0,1854.7333333333333,5129.765885533333
3,847,Davis_506,0.0,0.0,1854.7333333333333,5129.765885533333
3,847,Utah_County_521,0.0,0.0,1854.7333333333333,5129.765885533333
3,847,SLC_517,0.0,0.0,1854.7333333333333,5129.765885533333
3,847,SLC_519,373.0,11211.225709000004,1854.7333333333333,5129.765885533333
3,847,NEW_Utah_County_533,0.0,0.0,1854.7333333333333,5129.765885533333
3,847,NEW_Utah_County_532,323.0,8600.184212799999,1854.7333333333333,5129.765885533333
3,847,NEW_SLC_511,0.0,0.0,1854.7333333333333,5129.765885533333
3,847,NEW_Davis_530,0.0,0.0,1854.7333333333333,5129.765885533333
3,847,NEW_Davis_531,0.0,0.0,1854.7333333333333,5129.765885533333
3,847,Davis_529,0.0,0.0,1854.7333333333333,5129.765885533333
3,847,SLC_510,435.0,11439.961203199997,1854.7333333333333,5129.765885533333
3,847,SLC_523,0.0,0.0,1854.7333333333333,5129.765885533333
3,847,Utah_County_513,783.0,24427.302816399995,1854.7333333333333,5129.765885533333
3,847,SLC_525,30.0,1662.1102586,1854.7333333333333,5129.765885533333
3,847,SLC_505,0.0,0.0,1854.7333333333333,5129.765885533333
3,847,SLC_527,158.0,5464.771464400001,1854.7333333333333,5129.765885533333
3,847,NEW_SLC_507,16689.0,11470.7639708,1854.7333333333333,5129.765885533333
3,847,NEW_SLC_508,66.0,2293.7762086,1854.7333333333333,5129.765885533333
3,847,Utah_County_516,17901.0,14606.949202400003,1854.7333333333333,5129.765885533333
3,847,NEW_SLC_509,546.0,17047.239724599996,1854.7333333333333,5129.765885533333
3,847,Davis_512,361.0,12251.551365199999,1854.7333333333333,5129.765885533333
3,847,SLC_528,0.0,0.0,1854.7333333333333,5129.765885533333
3,847,NEW_SLC_503,69.0,2699.6356631999997,1854.7333333333333,5129.765885533333
3,847,NEW_SLC_504,0.0,0.0,1854.7333333333333,5129.765885533333
2,879,Davis_518,19548.0,109814.00691620001,8321.2,35083.25714053
2,879,SLC_520,20604.0,29917.228265000005,8321.2,35083.25714053
2,879,Utah_County_502,320.0,10494.4578598,8321.2,35083.25714053
2,879,Utah_County_524,12722.0,59448.10227620001,8321.2,35083.25714053
2,879,Davis_526,0.0,0.0,8321.2,35083.25714053
2,879,SLC_514,1336.0,42208.659075400006,8321.2,35083.25714053
2,879,Davis_506,2059.0,62344.6889686,8321.2,35083.25714053
2,879,Utah_County_521,440.0,13407.669034400002,8321.2,35083.25714053
2,879,SLC_517,426.0,11989.196758400001,8321.2,35083.25714053
2,879,SLC_519,18019.0,36740.990799,8321.2,35083.25714053
2,879,NEW_Utah_County_533,0.0,0.0,8321.2,35083.25714053
2,879,NEW_Utah_County_532,0.0,0.0,8321.2,35083.25714053
2,879,NEW_SLC_511,0.0,0.0,8321.2,35083.25714053
2,879,NEW_Davis_530,0.0,0.0,8321.2,35083.25714053
2,879,NEW_Davis_531,0.0,0.0,8321.2,35083.25714053
2,879,Davis_529,0.0,0.0,8321.2,35083.25714053
2,879,SLC_510,1189.0,32564.785685799987,8321.2,35083.25714053
2,879,SLC_523,16964.0,30741.097691199993,8321.2,35083.25714053
2,879,Utah_County_513,5646.0,41305.67449479999,8321.2,35083.25714053
2,879,SLC_525,13418.0,46263.90619419999,8321.2,35083.25714053
2,879,SLC_505,1225.0,39299.278130000006,8321.2,35083.25714053
2,879,SLC_527,21329.0,35161.954671199994,8321.2,35083.25714053
2,879,NEW_SLC_507,0.0,0.0,8321.2,35083.25714053
2,879,NEW_SLC_508,0.0,0.0,8321.2,35083.25714053
2,879,Utah_County_516,29480.0,44603.88807760001,8321.2,35083.25714053
2,879,NEW_SLC_509,0.0,0.0,8321.2,35083.25714053
2,879,Davis_512,1191.0,39205.30876740001,8321.2,35083.25714053
2,879,SLC_528,508.0,16154.2491454,8321.2,35083.25714053
2,879,NEW_SLC_503,0.0,0.0,8321.2,35083.25714053
2,879,NEW_SLC_504,0.0,0.0,8321.2,35083.25714053
3,879,Davis_518,0.0,0.0,5973.566666666667,17267.47575781333
3,879,SLC_520,21392.0,29917.228265000005,5973.566666666667,17267.47575781333
3,879,Utah_County_502,320.0,10494.4578598,5973.566666666667,17267.47575781333
3,879,Utah_County_524,751.0,22656.095399199996,5973.566666666667,17267.47575781333
3,879,Davis_526,0.0,0.0,5973.566666666667,17267.47575781333
3,879,SLC_514,747.0,23872.450664599994,5973.566666666667,17267.47575781333
3,879,Davis_506,0.0,0.0,5973.566666666667,17267.47575781333
3,879,Utah_County_521,436.0,13407.669034400002,5973.566666666667,17267.47575781333
3,879,SLC_517,0.0,0.0,5973.566666666667,17267.47575781333
3,879,SLC_519,18594.0,27831.716745799993,5973.566666666667,17267.47575781333
3,879,NEW_Utah_County_533,5845.0,30912.379747400002,5973.566666666667,17267.47575781333
3,879,NEW_Utah_County_532,29729.0,13767.935886800004,5973.566666666667,17267.47575781333
3,879,NEW_SLC_511,22990.0,23611.592743999998,5973.566666666667,17267.47575781333
3,879,NEW_Davis_530,0.0,0.0,5973.566666666667,17267.47575781333
3,879,NEW_Davis_531,0.0,0.0,5973.566666666667,17267.47575781333
3,879,Davis_529,0.0,0.0,5973.566666666667,17267.47575781333
3,879,SLC_510,1117.0,32564.785685799987,5973.566666666667,17267.47575781333
3,879,SLC_523,0.0,0.0,5973.566666666667,17267.47575781333
3,879,Utah_County_513,705.0,18821.070366,5973.566666666667,17267.47575781333
3,879,SLC_525,825.0,25399.456830199986,5973.566666666667,17267.47575781333
3,879,SLC_505,13440.0,41827.519083200015,5973.566666666667,17267.47575781333
3,879,SLC_527,18419.0,31458.8794246,5973.566666666667,17267.47575781333
3,879,NEW_SLC_507,12030.0,53235.631447800006,5973.566666666667,17267.47575781333
3,879,NEW_SLC_508,131.0,2292.8749782,5973.566666666667,17267.47575781333
3,879,Utah_County_516,29398.0,44603.88807760001,5973.566666666667,17267.47575781333
3,879,NEW_SLC_509,1055.0,31393.41147339999,5973.566666666667,17267.47575781333
3,879,Davis_512,0.0,0.0,5973.566666666667,17267.47575781333
3,879,SLC_528,531.0,16154.2491454,5973.566666666667,17267.47575781333
3,879,NEW_SLC_503,752.0,23800.979875199988,5973.566666666667,17267.47575781333
3,879,NEW_SLC_504,0.0,0.0,5973.566666666667,17267.47575781333
2,886,Davis_518,0.0,0.0,733.1,4331.1660477899995
2,886,SLC_520,0.0,0.0,733.1,4331.1660477899995
2,886,Utah_County_502,0.0,0.0,733.1,4331.1660477899995
2,886,Utah_County_524,0.0,0.0,733.1,4331.1660477899995
2,886,Davis_526,0.0,0.0,733.1,4331.1660477899995
2,886,SLC_514,0.0,0.0,733.1,4331.1660477899995
2,886,Davis_506,0.0,0.0,733.1,4331.1660477899995
2,886,Utah_County_521,0.0,0.0,733.1,4331.1660477899995
2,886,SLC_517,0.0,0.0,733.1,4331.1660477899995
2,886,SLC_519,260.0,8378.771215600002,733.1,4331.1660477899995
2,886,NEW_Utah_County_533,0.0,0.0,733.1,4331.1660477899995
2,886,NEW_Utah_County_532,0.0,0.0,733.1,4331.1660477899995
2,886,NEW_SLC_511,0.0,0.0,733.1,4331.1660477899995
2,886,NEW_Davis_530,0.0,0.0,733.1,4331.1660477899995
2,886,NEW_Davis_531,0.0,0.0,733.1,4331.1660477899995
2,886,Davis_529,0.0,0.0,733.1,4331.1660477899995
2,886,SLC_510,960.0,20971.486567399992,733.1,4331.1660477899995
2,886,SLC_523,0.0,0.0,733.1,4331.1660477899995
2,886,Utah_County_513,11569.0,10488.760796199998,733.1,4331.1660477899995
2,886,SLC_525,30.0,1662.1102586,733.1,4331.1660477899995
2,886,SLC_505,648.0,17217.701017400002,733.1,4331.1660477899995
2,886,SLC_527,0.0,0.0,733.1,4331.1660477899995
2,886,NEW_SLC_507,0.0,0.0,733.1,4331.1660477899995
2,886,NEW_SLC_508,0.0,0.0,733.1,4331.1660477899995
2,886,Utah_County_516,0.0,0.0,733.1,4331.1660477899995
2,886,NEW_SLC_509,0.0,0.0,733.1,4331.1660477899995
2,886,Davis_512,0.0,0.0,733.1,4331.1660477899995
2,886,SLC_528,1195.0,27904.491100599997,733.1,4331.1660477899995
2,886,NEW_SLC_503,0.0,0.0,733.1,4331.1660477899995
2,886,NEW_SLC_504,0.0,0.0,733.1,4331.1660477899995
3,886,Davis_518,0.0,0.0,447.1,1715.7474150133335
3,886,SLC_520,0.0,0.0,447.1,1715.7474150133335
3,886,Utah_County_502,0.0,0.0,447.1,1715.7474150133335
3,886,Utah_County_524,0.0,0.0,447.1,1715.7474150133335
3,886,Davis_526,0.0,0.0,447.1,1715.7474150133335
3,886,SLC_514,0.0,0.0,447.1,1715.7474150133335
3,886,Davis_506,0.0,0.0,447.1,1715.7474150133335
3,886,Utah_County_521,0.0,0.0,447.1,1715.7474150133335
3,886,SLC_517,0.0,0.0,447.1,1715.7474150133335
3,886,SLC_519,269.0,8378.771215600002,447.1,1715.7474150133335
3,886,NEW_Utah_County_533,0.0,0.0,447.1,1715.7474150133335
3,886,NEW_Utah_County_532,356.0,7342.565469799998,447.1,1715.7474150133335
3,886,NEW_SLC_511,0.0,0.0,447.1,1715.7474150133335
3,886,NEW_Davis_530,0.0,0.0,447.1,1715.7474150133335
3,886,NEW_Davis_531,0.0,0.0,447.1,1715.7474150133335
3,886,Davis_529,0.0,0.0,447.1,1715.7474150133335
3,886,SLC_510,0.0,0.0,447.1,1715.7474150133335
3,886,SLC_523,0.0,0.0,447.1,1715.7474150133335
3,886,Utah_County_513,11623.0,10488.760796199998,447.1,1715.7474150133335
3,886,SLC_525,30.0,1662.1102586,447.1,1715.7474150133335
3,886,SLC_505,0.0,0.0,447.1,1715.7474150133335
3,886,SLC_527,0.0,0.0,447.1,1715.7474150133335
3,886,NEW_SLC_507,380.0,6552.9749856,447.1,1715.7474150133335
3,886,NEW_SLC_508,0.0,0.0,447.1,1715.7474150133335
3,886,Utah_County_516,0.0,0.0,447.1,1715.7474150133335
3,886,NEW_SLC_509,755.0,17047.239724599996,447.1,1715.7474150133335
3,886,Davis_512,0.0,0.0,447.1,1715.7474150133335
3,886,SLC_528,0.0,0.0,447.1,1715.7474150133335
3,886,NEW_SLC_503,0.0,0.0,447.1,1715.7474150133335
3,886,NEW_SLC_504,0.0,0.0,447.1,1715.7474150133335
2,907,Davis_518,0.0,0.0,1226.05,5051.149358309999
2,907,SLC_520,367.0,10469.577463399999,1226.05,5051.149358309999
2,907,Utah_County_502,0.0,0.0,1226.05,5051.149358309999
2,907,Utah_County_524,0.0,0.0,1226.05,5051.149358309999
2,907,Davis_526,0.0,0.0,1226.05,5051.149358309999
2,907,SLC_514,0.0,0.0,1226.05,5051.149358309999
2,907,Davis_506,0.0,0.0,1226.05,5051.149358309999
2,907,Utah_County_521,0.0,0.0,1226.05,5051.149358309999
2,907,SLC_517,456.0,12815.158326599994,1226.05,5051.149358309999
2,907,SLC_519,419.0,11990.0818954,1226.05,5051.149358309999
2,907,NEW_Utah_County_533,0.0,0.0,1226.05,5051.149358309999
2,907,NEW_Utah_County_532,0.0,0.0,1226.05,5051.149358309999
2,907,NEW_SLC_511,0.0,0.0,1226.05,5051.149358309999
2,907,NEW_Davis_530,0.0,0.0,1226.05,5051.149358309999
2,907,NEW_Davis_531,0.0,0.0,1226.05,5051.149358309999
2,907,Davis_529,0.0,0.0,1226.05,5051.149358309999
2,907,SLC_510,15237.0,28330.402931599987,1226.05,5051.149358309999
2,907,SLC_523,7226.0,11404.507443000002,1226.05,5051.149358309999
2,907,Utah_County_513,789.0,24427.302816399995,1226.05,5051.149358309999
2,907,SLC_525,0.0,0.0,1226.05,5051.149358309999
2,907,SLC_505,27.0,1585.9562898000001,1226.05,5051.149358309999
2,907,SLC_527,0.0,0.0,1226.05,5051.149358309999
2,907,NEW_SLC_507,0.0,0.0,1226.05,5051.149358309999
2,907,NEW_SLC_508,0.0,0.0,1226.05,5051.149358309999
2,907,Utah_County_516,0.0,0.0,1226.05,5051.149358309999
2,907,NEW_SLC_509,0.0,0.0,1226.05,5051.149358309999
2,907,Davis_512,0.0,0.0,1226.05,5051.149358309999
2,907,SLC_528,0.0,0.0,1226.05,5051.149358309999
2,907,NEW_SLC_503,0.0,0.0,1226.05,5051.149358309999
2,907,NEW_SLC_504,0.0,0.0,1226.05,5051.149358309999
3,907,Davis_518,0.0,0.0,788.3,2143.82917278
3,907,SLC_520,354.0,10469.577463399999,788.3,2143.82917278
3,907,Utah_County_502,0.0,0.0,788.3,2143.82917278
3,907,Utah_County_524,0.0,0.0,788.3,2143.82917278
3,907,Davis_526,0.0,0.0,788.3,2143.82917278
3,907,SLC_514,0.0,0.0,788.3,2143.82917278
3,907,Davis_506,0.0,0.0,788.3,2143.82917278
3,907,Utah_County_521,0.0,0.0,788.3,2143.82917278
3,907,SLC_517,0.0,0.0,788.3,2143.82917278
3,907,SLC_519,261.0,8378.771215600002,788.3,2143.82917278
3,907,NEW_Utah_County_533,0.0,0.0,788.3,2143.82917278
3,907,NEW_Utah_County_532,0.0,0.0,788.3,2143.82917278
3,907,NEW_SLC_511,0.0,0.0,788.3,2143.82917278
3,907,NEW_Davis_530,0.0,0.0,788.3,2143.82917278
3,907,NEW_Davis_531,0.0,0.0,788.3,2143.82917278
3,907,Davis_529,0.0,0.0,788.3,2143.82917278
3,907,SLC_510,0.0,0.0,788.3,2143.82917278
3,907,SLC_523,7216.0,11404.507443000002,788.3,2143.82917278
3,907,Utah_County_513,0.0,0.0,788.3,2143.82917278
3,907,SLC_525,0.0,0.0,788.3,2143.82917278
3,907,SLC_505,27.0,1585.9562898000001,788.3,2143.82917278
3,907,SLC_527,0.0,0.0,788.3,2143.82917278
3,907,NEW_SLC_507,15236.0,17287.691214,788.3,2143.82917278
3,907,NEW_SLC_508,110.0,2399.6225004,788.3,2143.82917278
3,907,Utah_County_516,0.0,0.0,788.3,2143.82917278
3,907,NEW_SLC_509,0.0,0.0,788.3,2143.82917278
3,907,Davis_512,0.0,0.0,788.3,2143.82917278
3,907,SLC_528,0.0,0.0,788.3,2143.82917278
3,907,NEW_SLC_503,445.0,12788.749057199997,788.3,2143.82917278
3,907,NEW_SLC_504,0.0,0.0,788.3,2143.82917278
2,915,Davis_518,26038.0,91480.77578439994,4936.65,49543.86825205996
2,915,SLC_520,663.0,11945.567550999996,4936.65,49543.86825205996
2,915,Utah_County_502,1269.0,36872.538250599995,4936.65,49543.86825205996
2,915,Utah_County_524,729.0,19884.216463400007,4936.65,49543.86825205996
2,915,Davis_526,0.0,0.0,4936.65,49543.86825205996
2,915,SLC_514,5952.0,27551.482371600006,4936.65,49543.86825205996
2,915,Davis_506,4307.0,72679.38764659998,4936.65,49543.86825205996
2,915,Utah_County_521,0.0,0.0,4936.65,49543.86825205996
2,915,SLC_517,5187.0,17245.269011599998,4936.65,49543.86825205996
2,915,SLC_519,175.0,6060.7261598,4936.65,49543.86825205996
2,915,NEW_Utah_County_533,0.0,0.0,4936.65,49543.86825205996
2,915,NEW_Utah_County_532,0.0,0.0,4936.65,49543.86825205996
2,915,NEW_SLC_511,0.0,0.0,4936.65,49543.86825205996
2,915,NEW_Davis_530,0.0,0.0,4936.65,49543.86825205996
2,915,NEW_Davis_531,0.0,0.0,4936.65,49543.86825205996
2,915,Davis_529,0.0,0.0,4936.65,49543.86825205996
2,915,SLC_510,8930.0,203911.56954059983,4936.65,49543.86825205996
2,915,SLC_523,13648.0,21677.1177838,4936.65,49543.86825205996
2,915,Utah_County_513,5072.0,23795.347185199997,4936.65,49543.86825205996
2,915,SLC_525,5206.0,80198.36896719995,4936.65,49543.86825205996
2,915,SLC_505,8969.0,210646.0619847998,4936.65,49543.86825205996
2,915,SLC_527,5081.0,33072.75776339999,4936.65,49543.86825205996
2,915,NEW_SLC_507,0.0,0.0,4936.65,49543.86825205996
2,915,NEW_SLC_508,0.0,0.0,4936.65,49543.86825205996
2,915,Utah_County_516,157.0,3760.8505526,4936.65,49543.86825205996
2,915,NEW_SLC_509,0.0,0.0,4936.65,49543.86825205996
2,915,Davis_512,6055.0,106042.05191759998,4936.65,49543.86825205996
2,915,SLC_528,1295.0,24053.276106999998,4936.65,49543.86825205996
2,915,NEW_SLC_503,0.0,0.0,4936.65,49543.86825205996
2,915,NEW_SLC_504,0.0,0.0,4936.65,49543.86825205996
3,915,Davis_518,26045.0,91480.77578439994,2845.4333333333334,25408.154240006657
3,915,SLC_520,0.0,0.0,2845.4333333333334,25408.154240006657
3,915,Utah_County_502,0.0,0.0,2845.4333333333334,25408.154240006657
3,915,Utah_County_524,733.0,19884.216463400007,2845.4333333333334,25408.154240006657
3,915,Davis_526,0.0,0.0,2845.4333333333334,25408.154240006657
3,915,SLC_514,4308.0,34207.14934260001,2845.4333333333334,25408.154240006657
3,915,Davis_506,3206.0,101604.16812039995,2845.4333333333334,25408.154240006657
3,915,Utah_County_521,0.0,0.0,2845.4333333333334,25408.154240006657
3,915,SLC_517,0.0,0.0,2845.4333333333334,25408.154240006657
3,915,SLC_519,175.0,6060.7261598,2845.4333333333334,25408.154240006657
3,915,NEW_Utah_County_533,757.0,19482.155051199996,2845.4333333333334,25408.154240006657
3,915,NEW_Utah_County_532,608.0,20635.118413999997,2845.4333333333334,25408.154240006657
3,915,NEW_SLC_511,180.0,5911.7817428,2845.4333333333334,25408.154240006657
3,915,NEW_Davis_530,0.0,0.0,2845.4333333333334,25408.154240006657
3,915,NEW_Davis_531,0.0,0.0,2845.4333333333334,25408.154240006657
3,915,Davis_529,0.0,0.0,2845.4333333333334,25408.154240006657
3,915,SLC_510,5263.0,69027.48941199997,2845.4333333333334,25408.154240006657
3,915,SLC_523,13651.0,21677.1177838,2845.4333333333334,25408.154240006657
3,915,Utah_County_513,5069.0,23795.347185199997,2845.4333333333334,25408.154240006657
3,915,SLC_525,4580.0,41114.098661200005,2845.4333333333334,25408.154240006657
3,915,SLC_505,4940.0,60222.548871000006,2845.4333333333334,25408.154240006657
3,915,SLC_527,0.0,0.0,2845.4333333333334,25408.154240006657
3,915,NEW_SLC_507,1610.0,48882.23800059998,2845.4333333333334,25408.154240006657
3,915,NEW_SLC_508,0.0,0.0,2845.4333333333334,25408.154240006657
3,915,Utah_County_516,162.0,3760.8505526,2845.4333333333334,25408.154240006657
3,915,NEW_SLC_509,1509.0,46001.664241199986,2845.4333333333334,25408.154240006657
3,915,Davis_512,4609.0,54919.95059839999,2845.4333333333334,25408.154240006657
3,915,SLC_528,1107.0,27904.491100599997,2845.4333333333334,25408.154240006657
3,915,NEW_SLC_503,1696.0,54050.50466339996,2845.4333333333334,25408.154240006657
3,915,NEW_SLC_504,5155.0,11622.2350516,2845.4333333333334,25408.154240006657
2,946,Davis_518,0.0,0.0,9007.95,24764.7733677
2,946,SLC_520,9334.0,21149.672692199998,9007.95,24764.7733677
2,946,Utah_County_502,320.0,10494.4578598,9007.95,24764.7733677
2,946,Utah_County_524,23308.0,72865.62047139998,9007.95,24764.7733677
2,946,Davis_526,0.0,0.0,9007.95,24764.7733677
2,946,SLC_514,1088.0,34084.9199696,9007.95,24764.7733677
2,946,Davis_506,0.0,0.0,9007.95,24764.7733677
2,946,Utah_County_521,436.0,13407.669034400002,9007.95,24764.7733677
2,946,SLC_517,4868.0,14919.306003000002,9007.95,24764.7733677
2,946,SLC_519,12073.0,18591.707229200005,9007.95,24764.7733677
2,946,NEW_Utah_County_533,0.0,0.0,9007.95,24764.7733677
2,946,NEW_Utah_County_532,0.0,0.0,9007.95,24764.7733677
2,946,NEW_SLC_511,0.0,0.0,9007.95,24764.7733677
2,946,NEW_Davis_530,0.0,0.0,9007.95,24764.7733677
2,946,NEW_Davis_531,0.0,0.0,9007.95,24764.7733677
2,946,Davis_529,460.0,15481.947360399998,9007.95,24764.7733677
2,946,SLC_510,8717.0,30711.80770319999,9007.95,24764.7733677
2,946,SLC_523,7971.0,17927.226836600003,9007.95,24764.7733677
2,946,Utah_County_513,9831.0,11694.430043999999,9007.95,24764.7733677
2,946,SLC_525,19688.0,19249.042152199996,9007.95,24764.7733677
2,946,SLC_505,27728.0,69304.84306760001,9007.95,24764.7733677
2,946,SLC_527,3208.0,17235.081889399993,9007.95,24764.7733677
2,946,NEW_SLC_507,0.0,0.0,9007.95,24764.7733677
2,946,NEW_SLC_508,0.0,0.0,9007.95,24764.7733677
2,946,Utah_County_516,29606.0,46240.602951000015,9007.95,24764.7733677
2,946,NEW_SLC_509,0.0,0.0,9007.95,24764.7733677
2,946,Davis_512,19700.0,33054.89408939999,9007.95,24764.7733677
2,946,SLC_528,1823.0,48882.23800059998,9007.95,24764.7733677
2,946,NEW_SLC_503,0.0,0.0,9007.95,24764.7733677
2,946,NEW_SLC_504,0.0,0.0,9007.95,24764.7733677
3,946,Davis_518,0.0,0.0,4592.8,10393.816710006666
3,946,SLC_520,5381.0,16817.2650386,4592.8,10393.816710006666
3,946,Utah_County_502,320.0,10494.4578598,4592.8,10393.816710006666
3,946,Utah_County_524,28161.0,38167.42930799999,4592.8,10393.816710006666
3,946,Davis_526,0.0,0.0,4592.8,10393.816710006666
3,946,SLC_514,19714.0,17705.9103998,4592.8,10393.816710006666
3,946,Davis_506,0.0,0.0,4592.8,10393.816710006666
3,946,Utah_County_521,446.0,13407.669034400002,4592.8,10393.816710006666
3,946,SLC_517,0.0,0.0,4592.8,10393.816710006666
3,946,SLC_519,27.0,1585.9562898000001,4592.8,10393.816710006666
3,946,NEW_Utah_County_533,983.0,30912.379747400002,4592.8,10393.816710006666
3,946,NEW_Utah_County_532,633.0,17791.527287799996,4592.8,10393.816710006666
3,946,NEW_SLC_511,7576.0,15215.7786178,4592.8,10393.816710006666
3,946,NEW_Davis_530,406.0,12195.288838800001,4592.8,10393.816710006666
3,946,NEW_Davis_531,0.0,0.0,4592.8,10393.816710006666
3,946,Davis_529,0.0,0.0,4592.8,10393.816710006666
3,946,SLC_510,0.0,0.0,4592.8,10393.816710006666
3,946,SLC_523,161.0,5102.0423218000005,4592.8,10393.816710006666
3,946,Utah_County_513,9830.0,11694.430043999999,4592.8,10393.816710006666
3,946,SLC_525,388.0,11079.9196584,4592.8,10393.816710006666
3,946,SLC_505,26739.0,13992.664124400002,4592.8,10393.816710006666
3,946,SLC_527,69.0,2699.6356631999997,4592.8,10393.816710006666
3,946,NEW_SLC_507,8689.0,16779.735229799997,4592.8,10393.816710006666
3,946,NEW_SLC_508,0.0,0.0,4592.8,10393.816710006666
3,946,Utah_County_516,20956.0,15862.411429800004,4592.8,10393.816710006666
3,946,NEW_SLC_509,818.0,23269.672367599993,4592.8,10393.816710006666
3,946,Davis_512,0.0,0.0,4592.8,10393.816710006666
3,946,SLC_528,1077.0,12066.815226599998,4592.8,10393.816710006666
3,946,NEW_SLC_503,475.0,15677.240769399998,4592.8,10393.816710006666
3,946,NEW_SLC_504,4935.0,9296.272043,4592.8,10393.816710006666
2,951,Davis_518,22584.0,95004.26478039993,5422.9,42625.099135829994
2,951,SLC_520,1487.0,39151.76602559999,5422.9,42625.099135829994
2,951,Utah_County_502,971.0,33213.09221139999,5422.9,42625.099135829994
2,951,Utah_County_524,61.0,2146.779093,5422.9,42625.099135829994
2,951,Davis_526,1665.0,52573.40413119999,5422.9,42625.099135829994
2,951,SLC_514,2041.0,66219.70610079999,5422.9,42625.099135829994
2,951,Davis_506,1487.0,48025.15179679998,5422.9,42625.099135829994
2,951,Utah_County_521,5226.0,94396.65846340005,5422.9,42625.099135829994
2,951,SLC_517,11956.0,35119.435908399995,5422.9,42625.099135829994
2,951,SLC_519,6202.0,46900.15876320001,5422.9,42625.099135829994
2,951,NEW_Utah_County_533,0.0,0.0,5422.9,42625.099135829994
2,951,NEW_Utah_County_532,0.0,0.0,5422.9,42625.099135829994
2,951,NEW_SLC_511,0.0,0.0,5422.9,42625.099135829994
2,951,NEW_Davis_530,0.0,0.0,5422.9,42625.099135829994
2,951,NEW_Davis_531,0.0,0.0,5422.9,42625.099135829994
2,951,Davis_529,908.0,29434.023929999996,5422.9,42625.099135829994
2,951,SLC_510,14830.0,33294.814496599996,5422.9,42625.099135829994
2,951,SLC_523,664.0,20603.6880038,5422.9,42625.099135829994
2,951,Utah_County_513,18248.0,45692.46174699999,5422.9,42625.099135829994
2,951,SLC_525,14166.0,29022.93412040001,5422.9,42625.099135829994
2,951,SLC_505,1973.0,63310.32515539998,5422.9,42625.099135829994
2,951,SLC_527,1084.0,30387.960214999992,5422.9,42625.099135829994
2,951,NEW_SLC_507,0.0,0.0,5422.9,42625.099135829994
2,951,NEW_SLC_508,0.0,0.0,5422.9,42625.099135829994
2,951,Utah_County_516,503.0,15042.999875399999,5422.9,42625.099135829994
2,951,NEW_SLC_509,0.0,0.0,5422.9,42625.099135829994
2,951,Davis_512,1445.0,47742.6643466,5422.9,42625.099135829994
2,951,SLC_528,957.0,25219.6935522,5422.9,42625.099135829994
2,951,NEW_SLC_503,0.0,0.0,5422.9,42625.099135829994
2,951,NEW_SLC_504,0.0,0.0,5422.9,42625.099135829994
3,951,Davis_518,0.0,0.0,2989.3333333333335,18613.149538913334
3,951,SLC_520,266.0,6974.5255052,2989.3333333333335,18613.149538913334
3,951,Utah_County_502,979.0,33213.09221139999,2989.3333333333335,18613.149538913334
3,951,Utah_County_524,61.0,2146.779093,2989.3333333333335,18613.149538913334
3,951,Davis_526,0.0,0.0,2989.3333333333335,18613.149538913334
3,951,SLC_514,661.0,21107.3148634,2989.3333333333335,18613.149538913334
3,951,Davis_506,0.0,0.0,2989.3333333333335,18613.149538913334
3,951,Utah_County_521,0.0,0.0,2989.3333333333335,18613.149538913334
3,951,SLC_517,6606.0,17789.547799600005,2989.3333333333335,18613.149538913334
3,951,SLC_519,11364.0,32733.3801442,2989.3333333333335,18613.149538913334
3,951,NEW_Utah_County_533,1036.0,33941.12544060001,2989.3333333333335,18613.149538913334
3,951,NEW_Utah_County_532,10270.0,27464.030835999994,2989.3333333333335,18613.149538913334
3,951,NEW_SLC_511,544.0,11934.656225800003,2989.3333333333335,18613.149538913334
3,951,NEW_Davis_530,0.0,0.0,2989.3333333333335,18613.149538913334
3,951,NEW_Davis_531,0.0,0.0,2989.3333333333335,18613.149538913334
3,951,Davis_529,0.0,0.0,2989.3333333333335,18613.149538913334
3,951,SLC_510,14192.0,25184.980088400007,2989.3333333333335,18613.149538913334
3,951,SLC_523,6530.0,28600.24096940001,2989.3333333333335,18613.149538913334
3,951,Utah_County_513,10287.0,30610.226162399995,2989.3333333333335,18613.149538913334
3,951,SLC_525,389.0,11079.9196584,2989.3333333333335,18613.149538913334
3,951,SLC_505,14913.0,67267.62784180001,2989.3333333333335,18613.149538913334
3,951,SLC_527,1014.0,30387.960214999992,2989.3333333333335,18613.149538913334
3,951,NEW_SLC_507,1358.0,42643.76023779998,2989.3333333333335,18613.149538913334
3,951,NEW_SLC_508,668.0,18181.068034799995,2989.3333333333335,18613.149538913334
3,951,Utah_County_516,506.0,15042.999875399999,2989.3333333333335,18613.149538913334
3,951,NEW_SLC_509,468.0,14077.5568094,2989.3333333333335,18613.149538913334
3,951,Davis_512,0.0,0.0,2989.3333333333335,18613.149538913334
3,951,SLC_528,893.0,25219.6935522,2989.3333333333335,18613.149538913334
3,951,NEW_SLC_503,1452.0,47812.02690059996,2989.3333333333335,18613.149538913334
3,951,NEW_SLC_504,5223.0,14981.973702599998,2989.3333333333335,18613.149538913334
